Time,V1,V2,V3,V4,V5,V6,V7,V8,V9,V10,V11,V12,V13,V14,V15,V16,V17,V18,V19,V20,V21,V22,V23,V24,V25,V26,V27,V28,Amount,Class
142339.0,0.209155491515912,-3.13224743363564,-3.65132290994189,0.885325622585719,-0.160382530199868,-0.920770526343832,2.13190984280921,-0.696718528201641,-0.305085267727995,-0.0367284788407413,0.460025746288508,0.171582174871708,-1.11216754003595,1.44301371025457,-0.628273075510623,-0.357079090390127,-0.314801236676657,0.111968536508162,0.152088739782734,1.73143925015305,0.877396924678607,0.383974774234802,-1.08778088754584,-0.324704335797296,0.225371270642585,0.926122394201437,-0.342282422888185,0.0586265276460851,998.0,0
79637.0,-3.9906277283407,-3.44131946495563,0.247353845882181,-0.485507002582552,-0.680542940223009,-1.63440337335977,1.30353626991371,0.295475498300383,0.571071377763601,-3.03848986349887,-0.190549871162596,0.403291743744073,-0.177897145913389,-0.741810897936878,0.689670786118329,0.0206561397626951,0.950833700345874,0.910094949304589,-0.367049576480456,1.96805602777178,0.659524875215098,-0.140620114924666,1.1730727753267,0.563187443896229,0.903370152857784,-0.778154372839718,-0.204982036060632,-0.317667888620446,659.96,0
149153.0,1.00391019659714,0.964098627350047,-0.615359935230409,1.36265454744415,0.437989593295235,-0.606326165543325,0.541360945688697,-0.247698048489533,-0.482696630916278,-0.105938691231439,0.182893594895041,0.591740623191381,1.33709840614375,-0.981945661305293,1.16999057622443,-0.965601241990356,1.51766549033838,-0.246897459831045,2.27367699056497,0.233037430673542,-0.171361126676228,-0.21623921121727,0.400152178652644,1.05023538709027,-1.56146682284304,0.387045522991104,0.149067378344476,0.111957622299816,2.69,0
143456.0,-2.00658175419571,3.67657741239774,-5.4638107839612,7.23205827524957,-1.62785946243328,-0.996754564165374,-4.29983258601582,2.26886675517902,-3.65106703430768,-4.40092985049667,4.21321289394162,-5.73781516761686,-0.875693366725877,-8.89372633557037,-0.56243377737014,-3.28178373472677,-4.3689859085708,-0.736733764663363,1.60929290421203,0.474414052771714,0.713906864071022,-0.0638675905141125,0.16794731876444,-0.449863968939219,0.0237020976105368,0.536905295464468,0.485864026565305,-0.0423934808851287,1.0,1
102542.0,-1.45687631770562,3.74030556080113,-7.40451844591174,7.44096403590735,-1.5498779534738,-1.66169686169337,-5.75721301357641,1.61501101078404,-2.19488072574389,-6.80713525144464,6.82579316213884,-10.3997491177692,1.83644883978883,-11.872845098188,-3.6423925983095,-6.0441031440521,-9.75077638654123,-3.11637225405711,0.0653171492484702,0.529557330911833,0.957897451629944,0.145339479676781,-0.0447039008346728,-0.544961671329029,-0.757756535554721,-0.005352369235898,0.318152285707546,-0.323553622642371,2.28,1
128825.0,0.852278672035814,-3.25882099839195,-0.928316125884902,-0.168655031369992,-1.80603318579315,0.390640795812473,-0.459221306248824,-0.0374801848114709,0.579765239821408,0.219960095312874,-1.2105183454253,-0.12108361326951,0.367469610812306,-0.84005637082558,-0.786102054317552,0.913950073736415,0.508439203921323,-1.50360506303013,0.689270983998649,1.32512050955943,0.352006630978153,-0.2833320402052,-0.235861162685421,0.643640983105947,-0.613572328112471,-0.460508077841135,-0.0868640541772429,0.080896104869002,671.0,0
43494.0,-1.27813773524814,0.716241580332591,-1.14327922918382,0.217804800631468,-1.29389046969973,-1.16895152511977,-2.56418198278833,0.204532467641239,-1.61115462297744,-1.25028553742691,3.36736102310858,-4.58309584545642,-0.806939683730076,-5.20830522179452,0.525823682164556,-1.81591431259746,-5.24911146794949,-2.19669120679566,2.10905264474381,0.817203155491914,0.490182667533974,0.470427403079725,-0.126261344339209,-0.126644458784455,-0.661907559467122,-0.349792996571914,0.454851068382725,0.137843477172283,24.9,1
149695.0,-0.844566388109768,0.377297182470798,1.52554651364372,-2.51586537575237,-0.147548858141839,-0.126982781254069,0.201967884706306,0.214737310028725,1.04281097064768,-1.3889271518079,0.804286724986464,0.0725859235845557,-1.86014572523972,0.438523383237588,0.808535125753381,-0.410704733734682,-0.224204416839013,0.60966295376531,1.54698369798051,-0.0992370518613067,-0.157954459654625,-0.595029923016899,-0.180710368919814,0.648622563965166,0.206303580265121,-0.423862384247412,-0.22387851274374,0.0646544633318577,2.87,0
68207.0,-13.1926709562391,12.785970638298,-9.90665002092758,3.32033688288942,-4.80117593230105,5.76005855618556,-18.7508891580107,-37.3534426378925,-0.391539743919107,-5.05250236713858,4.40680552357904,-4.61075647740608,-1.90948796970811,-9.07271093398351,-0.226074450896345,-6.21155748212485,-6.24814535335983,-3.14924669470095,0.0515761185277783,-3.49304991519446,27.2028391573154,-8.88701714094871,5.30360690376998,-0.639434802306313,0.263203123457008,-0.108876929971315,1.26956635541013,0.939407362758877,1.0,1
63748.0,-1.33213063474068,-0.829325491214293,0.71980751007212,-0.616504947979091,-1.27675732713454,0.332278909079828,2.40999939076939,-0.177004319071142,-2.16410832007749,-0.228209529699484,0.662269593825739,0.294217097165334,0.379634244461522,0.358548821106901,-0.696721761143863,-0.797013993676171,-0.869897189027541,1.51684574938053,-1.24677303988547,0.580338681644365,-0.394820428141416,-1.74871420239577,1.30589656430957,-0.202637291400379,-0.141446016896655,-1.06763707640711,-0.0609966832027791,0.162475614354462,522.26,0
94362.0,-26.4577446501446,16.497471901867,-30.1773174564996,8.90415677106517,-17.8925996927224,-1.22790388102871,-31.1973285494605,-11.43892041491,-9.46257260540015,-22.1870885620007,4.41999660154863,-10.5923050053728,-0.703795803703315,-3.92620731586873,-2.40024649210124,-6.80988994039049,-12.4623149481086,-5.50105078380738,-0.567939572890149,2.81224110932946,-8.75569832116533,3.46089334478551,0.896537503959012,0.254835536763482,-0.738096558530353,-0.966564233789852,-7.26348214633855,-1.32488430656137,1.0,1
150343.0,2.18631596783722,-1.54060057062173,-1.03145106519446,-1.74079056335789,-0.970190654890494,0.0914281681975541,-1.22234044532331,-0.0110664597976675,-1.4523460114183,1.68005887515812,0.471329921153913,0.0962185187118537,1.0508238610305,-0.434454368038189,-0.784679274462811,-0.268996508443106,0.0871385078434132,0.453032259895627,0.168646279918151,-0.264375430295889,-0.083930912365876,0.15731453264771,0.176889440036523,0.292220201627284,-0.198646271950039,-0.190551957508043,0.009243517959217,-0.0458518404564489,60.0,0
36563.0,1.31458971181602,0.595634021143839,-0.6651609201708,0.715894851896998,0.308126561765605,-1.12382827713215,0.393554834870506,-0.292303766279348,-0.142569448182474,-0.599762484376115,-0.313597241365604,-0.1797934573024,0.15310078590924,-1.06834186058639,0.960372882710888,0.597994461552769,0.627179577946962,0.286625169938199,-0.136615864729822,-0.0536261575687837,-0.169515134363493,-0.424012552458627,-0.142167647085125,-0.198308293969863,0.641822651754386,0.399244814672615,-0.0338706143842864,0.0318403812093462,0.76,0
125658.0,0.224414466674279,2.99449857558056,-3.43245819570533,3.98651893184362,3.76023294891974,0.165640145963465,1.09937770884947,-0.654557103379097,-2.43541565257984,-2.27673307339047,1.84607851719332,-1.96119460001748,-0.851166387195622,-7.12231638408937,1.01960490036808,2.13101467212875,6.44364914460203,1.59253819138457,-3.68190355226504,-0.20084628074101,0.491337124801356,-0.984222622736636,-0.421979358037133,-1.0480578940284,0.726411519627846,0.26862463804569,0.283689474052924,0.419101636371901,0.0,1
168051.0,-0.111495398114302,-0.300267067465704,0.505885583554679,0.552222517687812,-1.03411713011193,-0.157786562524438,-0.815160543158046,0.399921321067485,-1.27516565800994,0.705130897773888,-0.724231145324048,0.414896337877985,1.56793576983939,0.035986096528407,1.33347524468533,-2.16332635802782,0.869691682788881,1.31002711667558,1.63139792970756,0.0203277833091185,-0.233407099165953,-0.366941726612367,0.737563997505354,1.15213291541529,-2.22529887978942,0.429122430467264,0.223255722875908,0.197918711958413,73.06,0
146744.0,-0.148689583902097,0.836366478780572,-0.0277578752187969,-0.427000433938272,1.02666236206681,-0.400298434308545,1.16815479672855,-0.274913187247472,-0.1222469550689,-0.619015132316253,-1.15957845809926,0.611198485706852,1.05410166708598,-0.0123648357400777,-0.36100399864868,-0.663754641363918,-0.350247241615984,-0.457259789233476,0.710842142138057,-0.045215792236536,-0.0735308304404153,-0.0697346117817444,0.0569773440016061,0.489240386359013,-0.672772556117568,-0.601813855030421,0.098114336166246,0.238193001587886,27.99,0
131669.0,2.01867624955943,-1.76400587792496,-0.760338092148859,-1.63663966420708,-0.843533440688296,1.1546001668449,-1.55053815293503,0.392324772418173,-0.992795467656802,1.35662685678634,-0.183204543678925,-0.609466890941462,0.0203578068497804,-0.343589692033665,1.06747781324043,-1.66828392124285,1.64852025353772,-1.86315116235933,-1.75849524300985,-0.517508946877434,-0.0086249262950403,0.555363926379357,0.34986003649681,-1.40032897005983,-0.617532601993495,-0.0487460702902331,0.0881380665639855,-0.0537003549021415,55.0,0
82894.0,0.0527588294925154,-2.19567351133673,0.531312783035004,0.632024253972773,-1.31857945271721,1.08930643609811,-0.238899635795104,0.379279907320225,0.887357662542675,-0.53958870756263,1.25396465833548,1.14956263890792,-0.600084978392919,-0.0738772762913768,-0.41477191578949,-0.381044678733179,0.483646954981126,-0.872588364493953,-0.203918790971249,0.906837902234631,0.189167081850896,-0.393171048400209,-0.331169067359857,-0.204577073232626,-0.250615413322941,0.898033904620438,-0.105554165749817,0.0891025777271842,537.28,0
155839.0,-0.246400871028161,0.938784291822031,-2.0547622121703,-1.50051126245904,2.80458855203372,3.16019668698021,0.0170179580516939,1.34641328188389,-0.330833481191581,-1.03169580711752,-0.0103829662092166,0.0035222262677152,-0.364585438001108,-0.434721303946457,0.117420780986046,0.338701451414159,0.520367011927857,-0.334270900303045,-0.406031377822264,-0.0413692662871598,-0.28674421598846,-0.919447888948816,0.18396059155878,0.591301973032787,-0.396701482871144,0.166190204554417,0.117886454125198,0.0059663908654909,10.11,0
168636.0,-0.700132477012389,0.790407325490268,-0.392542259470857,1.20869122661466,0.894597145852382,-0.746413725131212,0.116496958181435,0.269789945331069,-1.19966694467735,-0.604582074402995,1.20507030967083,0.893348467264313,1.31515806906116,-0.42005985021323,1.345379570285,-0.528242444765417,1.21886706422378,1.57360209041147,2.6914496522174,0.457567315001518,0.43760163144976,1.12559492951268,-0.372138009011753,-0.335350342522946,-0.091934985454225,0.310947969295909,0.108481964035411,0.0156536289418973,14.66,0
73103.0,-0.471113971112854,1.25761240373711,1.27491907484644,0.0374831564392961,0.118705762435884,-0.951975104752475,0.783159563842034,-0.173454595800035,-0.493654050926343,-0.434514175543427,-0.0195165508922286,0.505232796264903,1.22616511992951,-0.685644041181645,0.781549283959829,0.320725181518568,-0.063906635876925,-0.27959420964979,-0.0921743517896159,0.166221419524981,-0.23522653904964,-0.598445203651607,-0.0045447923333717,0.35791159996433,-0.129828490034779,0.0563373922387569,0.119498744047634,0.0964532848290388,4.49,0
144783.0,2.05254926521395,-0.120998429847438,-1.44084151474614,0.186355863081969,0.0975936476455785,-0.883148681101301,0.0899203464651221,-0.189692450607097,0.491034782080218,0.210258278013324,0.569256002782627,0.417141622129524,-0.835273813217105,0.838723059665508,0.159137685390097,0.113893996961273,-0.819989990727462,0.641671025280771,0.184056887562363,-0.279837692095315,0.265866573176955,0.857929419904435,-0.0417728928894197,-0.322504629650586,0.251201155315146,-0.105382696247471,-0.0295706427660303,-0.0738937405320749,1.79,0
165355.0,-0.0227882583726859,-0.57069428903968,0.525353462382081,-1.81941247947183,-1.52573967809719,0.632515593450695,1.26319057046783,-0.27525957874609,-0.500204004349202,0.24650010534515,0.340093257278998,-0.732550313950209,-1.0576619271824,-0.51503729172774,-1.34790402752706,1.2438907969378,-0.145489441270602,-1.07977670918105,1.03813163160123,0.040160932979568,-0.166271526584121,-0.355243374561132,0.317998085938354,-0.459210448912277,-0.759611849726709,-0.673897049330609,-0.103854747125941,-0.262316120511772,307.98,0
7348.0,-0.714143188846079,-0.250883271576575,2.86930468476753,0.0022921331974948,-1.35528320671116,0.58252333092348,-1.35309368020781,0.217553035099393,1.51652535379656,0.0501909972065156,0.219718867612384,-2.78676890984103,1.54140523123289,-0.0263126849534157,-1.54271293289711,-0.37608817820119,2.36802190268304,-1.37285362369022,1.44643827628473,-0.0104087435619385,0.181916323654921,1.09863635623316,-0.167009251462066,0.424721550303255,-0.577768461204237,-0.0481858306218126,-0.146834192064394,0.167518195703981,4.0,0
57027.0,-2.33565492855671,2.22537994112476,-3.37945038583039,2.17853822878821,-3.56826371512658,0.316813583664713,-1.73494800330036,1.4491394338594,-1.98003348126993,-5.71150474047788,1.83721490161197,-4.5403416445233,0.747845860345767,-6.28431406964108,-0.128887216546494,-3.5632394063049,-7.36832064555377,-2.69295315786876,-0.450550113544917,0.274027122680488,0.78554012192761,0.29741198434836,0.308536146370564,-0.598415746387816,-0.121850330815637,-0.491018310202025,0.701606041424924,0.206966343288918,444.17,1
50706.0,-8.46184470133154,6.86619841481805,-11.8382692206767,4.19421096699453,-6.92309709702798,-3.22114664850055,-7.55349651116055,6.015618186942,-2.4661434402463,-6.24624318477127,2.94398521977131,-6.51238933713471,-0.698175946764313,-7.54364593187217,0.92645528395257,-4.3302948063467,-7.33969796421674,-2.55090085394741,0.645904895509124,0.814710155897088,0.918244480856236,-0.715366336614015,0.210747336284603,-0.0602114737129364,0.509534595479059,-0.257283692851139,1.17002651560613,0.229300914797861,99.99,1
43384.0,1.10768590826127,0.33630756356675,0.846640494819139,2.69835584977893,-0.177207922273903,0.325461216055782,-0.137159970393104,0.132891838046944,-0.187441451446525,0.475574474360607,-0.809190381256746,0.212641422434432,-0.221315691636105,-0.14185882329633,-0.635391496020702,-0.192855778051509,0.135226322583795,-0.959217113178906,-0.975161535746116,-0.20698589749518,-0.051316049858935,0.067993214802131,-0.0513778773072546,0.0980631248534063,0.54858171699677,0.106910233447891,0.0239018084244334,0.0173827234869403,7.59,0
146022.0,0.908636658181293,2.84902401493181,-5.64734296336341,6.00941477810058,0.216656395035464,-2.39701442397293,-1.81930788593969,0.338526987742346,-2.81988277297887,-4.06309810827338,2.94119009271712,-6.15136219091534,-1.98952853525001,-9.15095100562097,-0.604289998808266,-1.95229039984463,-2.89255533222526,-0.912057960709434,-1.56373996709776,0.241921294746754,0.407260461266497,-0.397434852530952,-0.0800058534116311,-0.168596545191964,0.465058497798457,0.210509756241616,0.648704799002062,0.360224330288316,1.18,1
37064.0,-0.734284366559393,0.0254783810884372,1.46906901512844,-2.44194273282922,-0.654557190092421,-1.14468878309974,0.245282942008111,-0.378358118478275,-2.67269219052341,0.920013062804595,-0.592597930070937,-1.01917506565401,0.714173060858268,-0.440859782066576,-0.203574442404488,-0.553883742726232,0.382689260879386,-0.169695561079586,-0.567746443972155,-0.388597917514164,-0.138391311382688,-0.113866774669112,-0.366548756413811,0.374717821838853,0.549957695745751,-0.243155522789536,-0.20854037785195,0.0453073713996091,25.0,0
75135.0,1.15466899933393,0.0991199305875442,1.41440821678396,1.33290637636174,-1.04591361508506,-0.468394084420232,-0.493489803794219,0.0062187449528756,0.627909091163669,-0.167374711011679,-0.244565888004019,0.888400047731325,0.767263452872002,-0.370772691890341,0.519184265665403,0.141898931014866,-0.329210010393639,-0.124563135780912,-0.489564458928735,-0.10558097236251,0.019376407553702,0.255049248425627,0.0334000692890332,0.738494338620303,0.374276070840539,-0.422309158178915,0.0757318842507566,0.0426968265554241,1.0,0
79019.0,-0.352101547047131,0.634969743281923,1.67207069353242,0.722934530062572,0.27424193615746,0.227608301313986,0.920925336314151,-0.0210605412753751,-0.382583545652045,-0.201313111064037,1.25304156887145,0.795228961390216,-0.500262577444903,-0.0129436357261614,-0.971128898717528,-0.74351980659207,0.0029684296310749,-0.376695196988225,-0.0183748745209068,0.0140194331143147,0.0046999308799334,0.270982751229048,-0.130136755377343,0.228345641133568,0.155087086930645,-0.411816678352219,-0.116657912657794,-0.207355024934561,46.0,0
165981.0,-5.76687873469586,-8.40215367768915,0.0565432462509224,6.9509829448522,9.88056402552862,-5.77319176920948,-5.74887919911031,0.721742893680168,-1.07627357886614,2.68866993252224,-1.47514531556892,-0.0504679838548109,0.11350047541885,0.98434361557577,0.363968739240705,-0.674356809209657,0.327463514418321,0.0914699151148088,1.30794073758635,2.49322389130791,0.880395096548056,-0.130435547668829,2.24147141354365,0.665345536539228,-1.89004142193457,-0.120802763842984,0.0732685585796402,0.583799418317518,0.0,1
54115.0,-0.322471550866649,0.23916163729044,1.45661371289857,-1.36861470727821,-0.835889218672095,0.293026591587048,-1.38164183891075,-2.57622446734042,-1.16937060701673,-0.757815290169724,-0.424515883992755,0.198269598407779,0.288137570952415,-0.224824686367617,-0.745697197925138,0.786578521220137,0.774746497722975,-2.3328545269486,-0.316942635761351,0.684988778186937,-1.36070633955041,0.131544074593892,-0.15257897835639,0.0967691402077531,1.36418148648749,-0.293616312322803,0.0132200268402894,0.159926557049617,6.0,0
5856.0,1.01263332141644,0.185474949354416,1.85702487021728,2.62565911252334,-0.813666299592016,0.741190491502711,-1.05053604861189,0.411453901874185,1.07823173576978,0.410753502855231,2.23791207718175,-2.31050640206077,0.771147940329643,1.64748312046632,0.0059157932986931,1.16825363080345,-0.0447225115495436,0.838384788645857,-1.76631803188577,-0.24051001930767,0.167709881432258,0.665263171756178,0.0342445334981642,0.149375647706792,0.0614590992665992,0.0737273075898671,0.0246265602029036,0.02336111434784,12.14,0
63983.0,1.08409507309081,-0.135812187733617,0.374529845563665,0.642925502378723,-0.509420391140902,-0.538297808181618,-0.0377741828854013,0.0093699253654894,0.284138428812616,-0.0929255967026543,-0.275324163225353,-0.423730756125008,-1.34993841514515,0.612941801460195,1.47410105688102,0.0967714886970187,-0.047543399013247,-0.774310756592863,-0.488275735638384,-0.09235131188624,-0.207479917043027,-0.801547811557577,0.125902306750555,0.0269672713069073,0.0633809251613767,0.12251422069043,-0.0362912642747565,0.0239331530356891,69.99,0
128604.0,2.15587881411859,-1.60275899313395,-0.902982136207491,-1.86917274231146,-0.650923084830475,1.21066511076569,-1.58992026620889,0.383015345633459,-1.26822921038856,1.59032093384213,0.755046820387181,0.0012043524177536,0.506336155085051,-0.318688376176582,0.0285352712708457,-0.937908161312437,0.785227109378273,-0.645011358933232,-0.760131086441564,-0.501331106249991,-0.053292355758051,0.464230623640231,0.254614662881016,-1.64930229652186,-0.44058789734366,-0.0641525805137357,0.0727553940479397,-0.0719079431832447,13.4,0
35585.0,-2.01900071938148,1.49126972926361,0.0052218157286719,0.817253270463702,0.973252233873376,-0.639268312778292,-0.974072997078786,-3.14692889107659,-0.0031590736890201,-0.121653217684609,0.0243696057661544,-1.07381224038496,-2.00276910919169,-0.895433620751722,1.74893630108012,-0.103527023620705,2.03119574973193,0.31759835677742,0.38676063692414,-1.02996468249782,2.83959610796444,-1.18544284096841,-0.142811875801854,-0.0861029384113329,-0.329113253522425,0.523601226377288,0.626282771397878,0.152439938058669,0.76,1
7964.0,-1.17576498216189,1.03849283075919,1.33168591318271,-0.461609853225609,0.289980570044036,-0.36033370712178,0.293541318599753,0.61300175306245,0.745002243307983,-1.38210235739835,1.69098502181289,-2.4744681820242,-0.250245729901883,2.44588045336428,-1.29184961986467,0.792981307072842,-0.0953941050458875,0.379293478133445,-2.21159252682314,-0.536409384862696,0.0116231028471753,-0.0830846662466546,-0.0818049001683492,-0.120048531851514,-0.0866992714711271,-0.812415866674289,-0.0598868531295938,0.0219542779793571,10.0,0
70449.0,0.701207100124692,-0.740022903535389,0.103712489187495,1.79007986495128,-0.456647681856327,0.235325880027533,0.0991810277242228,0.13606300926581,-0.303511764428775,0.564809524508122,0.0991762844828714,-0.49647379075598,-1.90354484333144,0.610082255163416,-0.583287348583757,0.965515899404879,-0.626095566377127,0.19812510142496,0.0671429042857998,0.334218472960803,-0.119755066962557,-1.03725270979382,-0.204230678607313,-0.362919988617241,0.108058676005713,0.786354382091187,-0.140651336287934,0.0351461468612474,271.56,0
55602.0,-0.91515093514115,-0.717433196381211,1.41022468002169,-0.939867243095685,-0.62669875508222,-0.0096422619073645,0.441663326887638,-0.0306478766145566,-1.45161579715868,0.0792785820765968,-1.24473119962698,-1.51672883424214,0.0703626837343244,-0.23823042765521,1.23985216354608,1.21933518315097,0.143810544137501,-0.603806284959941,1.68507089814884,0.853929762326799,0.257448909536045,0.114793599587906,0.225175578658983,-0.598837287855026,0.417015161893972,-0.0951900820424949,-0.0204280749119633,0.0884220623710011,230.0,0
158428.0,-0.619651717708486,0.0694128475314204,-1.54253135929276,-1.47042248620945,-0.246468151748282,-0.0263747849269344,2.51230358551043,-1.06720371179099,1.15752316225513,-0.639133456900828,-1.19022838610949,-0.95680478730366,-1.47610039577189,0.678773955841558,2.3158753966817,-2.53460625622563,0.79182536453485,0.489514111299215,4.34948284829091,-0.48664591666684,-0.0612423858200778,0.843636533018556,-0.877547343812269,0.218469338131401,0.308450432560353,-0.182084050872065,-0.0798549255741351,-0.224646031255564,365.0,0
118371.0,1.31233210249772,-1.67667795840178,-0.170341363652564,0.820973409180226,-1.53044703620948,-0.0101091194062555,-0.740197908517116,0.272723290934659,1.47786504605233,0.0883200261310108,0.4316176140522,-0.181195996925384,-2.39739933220183,0.413770682934491,0.15850199753898,0.807508122863871,-0.597155070523686,0.756901263459074,-0.213698858053101,0.260217198849268,0.226544426984485,0.0040169447605054,0.0781775352898716,-0.02361135590802,-0.775298247250336,0.131865067236638,-0.0625219253441937,0.0037093432687438,312.0,0
104953.0,0.198928124831425,0.681584302357375,-1.27802253073272,-1.35399646098822,3.28437225691485,3.3561452165343,0.522861421838203,0.517797540230664,1.27440137068529,-0.419532194363435,0.853736611723427,-2.68365406726161,1.35659164646662,1.86690210016775,0.178482893867056,-0.624092153512001,0.0743411322048246,0.295383296958048,-0.284602041345009,0.0724642000830195,0.162563026743071,1.0479018137078,-0.12667378699891,0.678424469429581,-0.807335956582661,-0.266029236147839,0.339612071091604,0.0857768098821532,0.89,0
93860.0,-10.6323749061596,7.25193622855414,-17.6810718207918,8.20414440620562,-10.1665907519072,-4.51034377036334,-12.9816061559658,6.78358879797499,-4.65932958355558,-14.9246547735487,8.38914233451929,-16.4655039422141,0.33851695978655,-14.224403603167,0.556584472572111,-11.683998043525,-15.8416159780561,-5.75319975278369,3.81304079276336,-0.810146481561289,2.71535704420309,0.695602689761576,-1.13812206664164,0.459442241911828,0.386337323495895,0.522438449202614,-1.41660373652915,-0.488307035713995,188.52,1
154309.0,-0.0829834650336291,-3.93591892431521,-2.6167089860612,0.163310074791927,-1.40095182767067,-0.809419404822953,1.50157983974791,-0.47099958719182,1.51974319879361,-1.13445381068391,0.71387764641859,0.979674835308759,-1.33903126624009,0.984993219111346,-0.382470968292812,-0.934615796103053,-0.0524194348357059,0.51116178431397,0.731998749113651,1.87861160253024,0.70267203994139,-0.182304775613767,-0.921016986180311,0.111635488151138,-0.0716222119619373,-1.12588109590433,-0.170947427341269,0.126221382847378,1096.99,1
27852.0,1.13516450820691,-0.0917242182181092,0.60404104354841,0.855993432438484,-0.460917187343804,-0.0910648185574264,-0.176787967307059,0.017779269291746,0.566119565988091,-0.285707536237998,-0.48636947317862,0.793766168057396,0.355233154501509,-0.258234468884848,-0.170717928375903,-0.64599670247748,0.333553190358019,-1.06467427375182,-0.180793531542359,-0.0801061808946062,-0.0624804353331028,0.0680207330985829,-0.0644693522429258,0.156572784189685,0.483713295185778,0.436538524380975,0.0012232628644016,0.0137687252483269,29.56,0
124602.0,1.79683647141504,-1.6742806919339,-0.803532310352991,-0.819788055193392,-1.23001543991277,-0.195936233300335,-0.945682944477283,0.05314023412704,0.0481171239722615,0.85336940932458,0.382466133516395,-0.478819387704848,-0.872569029481062,-0.0489667683780585,-0.310820570257388,1.47645512677231,-0.134065787409209,-0.446258516426799,0.761744271624532,0.27382404333392,0.448697727042788,0.903949725637539,-0.0616872050200551,-0.449001189549847,-0.244351882881367,-0.0926186243508528,-0.0311536600068839,-0.0342011221737536,189.0,0
76323.0,0.921784654714628,-0.971965072975886,0.780728027999671,0.549857101084492,-1.12698600299784,0.444154144849172,-0.700262151276339,0.192343696542439,-0.765945130607808,0.743843658124931,1.04256325644934,0.947681698274782,0.480152627519246,-0.0615225008026674,-0.150855560035025,-1.54017128509581,-0.0467094532264329,1.4631671240295,-1.23218827294791,-0.242727112120298,-0.0698808758917683,0.11624481773781,-0.170716122377412,0.0125935729726364,0.376981459477742,-0.226626229442618,0.0644252422164047,0.0471362051067588,158.0,0
44503.0,-1.30602606275825,0.145044688178349,3.27722064558473,1.66262250479542,-1.18724819804505,1.3855412869076,0.390217785717842,0.0226921185877751,1.50419987580607,0.236165002445537,-0.765913827486699,0.2946249732529,-0.404569491084023,-1.64611232248795,-0.813264615612858,-1.52932620332652,0.87474032388711,-0.529438327897177,0.853656458307782,0.290782486983956,-0.183963687551415,0.693862183421159,-0.0353004998872252,0.444227654648961,0.363228046208385,-0.0635153646770721,0.156637463728975,-0.211706910473988,135.4,0
165630.0,-0.839511377491582,1.04734123517458,1.4912973892604,-0.756303434341042,0.314908625961976,0.496273888170623,0.297850933363093,0.316159278651825,0.265335831234156,-0.294864057054073,-0.0756891082255658,0.130937679261688,-0.24326311812997,0.125507247234955,0.748523601542007,0.338150261414382,-0.964197221387004,1.14385298970009,1.37657510177718,0.307079564022196,-0.214403793689792,-0.431728300200128,-0.413476357427335,-1.15846724492837,0.527417526204145,-0.589790122613898,0.453459048227527,0.182153353384998,1.0,0
82106.0,1.41450892570242,-1.37443422874844,1.11062650496447,-1.29212477110247,-1.92483875684342,0.155439536090211,-1.66391971566678,0.190239323902376,-1.26984876874262,1.41744214160334,0.5159924707937,-0.0747694026257534,0.407183393973952,-0.782000854201329,-0.907631606112633,-0.189901526804001,0.358946846439043,0.65483569098783,0.328947749145614,-0.297169644912581,-0.206736729623405,-0.0794840116996539,0.0056994880713386,0.0043051783101236,0.258024867679387,-0.193664958936508,0.0730103746817701,0.0207685411051988,22.49,0
117351.0,-0.222466475581761,-4.14515172758078,-0.752501977655338,2.21489551403682,-1.92066876616226,1.73382304564026,-0.0915694121455253,0.343636465025943,1.75248527905763,-0.365768633298375,-0.284655278376014,0.719678522952806,-0.660465946150173,-0.309657907085382,-0.918651747551595,0.647009217707011,-0.670167237670212,1.2634896194035,-0.414608411108809,1.91604786830347,0.842522723203563,0.302928862517324,-0.800109912064286,0.328072204123842,-0.604298262298287,-0.658327087432666,-0.0961504462912753,0.160617714779643,1081.8,0
39568.0,-1.32136866642843,0.820812908177346,1.17668494801382,1.06184883098919,0.253481594751794,-0.768748704755236,0.955452983086927,-0.566808812117672,-0.0179601057075491,0.847713031117918,-0.356988099700657,-0.387434313475698,-0.201920757626351,-0.0455270694745059,1.38601048974565,-0.520207260412602,-0.217640677972612,0.0893388728321588,0.799654222531249,-0.152260298028823,0.0046653415740188,0.489399480265338,-0.0231772548410343,0.401602174495127,-0.0830529744736935,-0.312554051782112,-0.380232272160901,0.121175986288746,40.2,0
158212.0,2.2263856663272,-0.539942556448049,-1.81109014554776,-0.683004903580403,0.0574849130000913,-0.837863040684457,0.0171749043999967,-0.420984428333336,-0.798486466898155,0.941160869370853,-1.65812664935654,-0.169683162770848,0.920676337753428,0.259206089446214,0.41427657118159,-1.21395748770783,-0.560429088097381,0.871320103237159,-0.367484828493233,-0.505992778042607,-0.582724670161513,-1.1888996571062,0.202295484432264,-1.02069306160753,-0.17992480171581,0.463668267906238,-0.0763911536775956,-0.0671958862528307,30.0,0
28692.0,-29.2003285905744,16.1557014298057,-30.0137124857248,6.47673117996833,-21.2258096535165,-4.90299739658728,-19.791248405247,19.1683273897301,-3.61724178604255,-7.87012194292549,4.06625507293473,-5.66149242261771,1.29295014454242,-5.07984568135779,-0.126522740416921,-5.24447151974264,-11.2749725851252,-4.67843652929376,0.650807370688892,1.71586182428358,1.8093709332884,-2.17581520342142,-1.3651041075509,0.174286359566544,2.10386807204715,-0.209943999130567,1.27868097084218,0.372392714338541,99.99,1
62529.0,-2.71660807681051,-2.33018725959549,1.31856357600093,0.47151878363229,3.74503281898642,-0.401528942088263,-0.61684240512166,0.35477549738756,-0.117480222298499,-0.353737514734733,-0.633726612717422,0.123172494373411,-0.523681228084902,0.0389110342536418,-1.06495568492522,0.0298370023771062,-0.866854349838712,0.328138037177757,0.0664977898093985,0.846210556624221,0.109597870328385,-0.410198498513426,0.121732297213696,-1.75035947515295,0.991663042747896,-0.33892835185468,-0.249346681299984,-0.133524068324904,101.89,0
149736.0,0.3645696349576,0.573256351021249,-1.13696393005877,-1.22344632433367,-0.0518754197223528,-1.33811736649418,0.20111359782268,0.0839245849468183,-1.32714110336458,-0.377767837733865,-0.662526387079597,-0.619477382798638,0.451006155499801,-1.13707244475957,-0.429033138089602,0.990286572586823,1.51290423017495,-1.20933838989436,0.80915430196113,-0.0389149741713548,0.0892485868545159,0.175248440294713,0.104404125505562,-0.261152972941407,-0.509938955218808,-0.314681563547715,-0.0859408361828315,-0.0541433677424137,15.0,0
96767.0,-2.52361248977083,-7.43178899166824,-4.55249156473269,2.35160270688552,-1.74314309047323,0.304940247501174,3.03473155260986,-0.753355657809169,1.32570250129841,-1.6196609987475,1.80525472288917,-2.61340813199347,0.872541180319586,1.47729587194697,-0.153373712117294,1.15394455995041,0.952597082890977,1.9053625179445,-0.992071031773351,4.59599157499105,1.45328823054087,-0.953886092525655,-2.06713598479409,0.337554481417287,-0.828327821797135,0.362156965796503,-0.554713529392352,0.358358889032971,2378.55,0
9050.0,-2.35668147788399,-1.85745685930132,2.40959311671547,-0.156933877979107,2.60051145020385,-1.68447239249104,-0.956066513490418,-0.0398517411047,1.57255297217874,-1.13620616340118,0.484287699986752,-1.67172485360094,2.43500589273284,0.796972652636111,-1.31527748215371,-0.751877514395261,0.898329180383612,-0.865538924467046,-0.510093117886291,0.624758435196809,-0.0284447299924688,-0.152320787664214,0.0858921200733711,0.134338898916916,0.460730975027004,0.997481749303111,-0.303379981899769,-0.14028215932961,3.6,0
29967.0,0.870034881480575,1.15037142273478,-0.107640044864126,2.92694322656658,0.58900884975884,0.0534807067086086,0.311674670950776,-1.07155145300974,-1.34976475096894,1.08668729972297,-1.1400891756188,-0.098482103324426,0.860131537191669,0.533762854733382,0.859121296733002,-0.0655180872151011,-0.254238460106664,-0.0723930725584371,0.846854177864268,-0.0497907001641041,0.805088670451245,-0.0476336096140242,-0.071833549532533,-0.412453772255756,0.10679419702514,0.248129954050187,0.275206519857498,0.316997591533629,9.2,0
35350.0,-1.6324359740086,-5.12162847824891,-0.936322519119962,1.43457358362089,-1.98993537329058,1.32351767676527,0.960616623636869,-0.0026261530779275,0.906675701244088,-0.805838098333225,-1.67960042242909,-0.976547899953493,-0.77681464169287,0.364501756266841,2.31783242602099,1.23681953099118,-0.779344338566798,0.901436050144211,-0.882570538132478,2.88870524457469,1.04178376738474,-0.369178467729729,-1.47033045588207,-1.24084903474413,-0.299566389957044,0.539561094264594,-0.263951017028612,0.269866971025068,1500.0,0
123417.0,-1.55635304901285,-0.114363066573974,0.999961038084499,-0.102436936337465,0.858679275981614,-0.94293318306501,1.33147152850335,-0.188197424989779,-0.451774956721711,-0.920848321167547,-0.675494646029052,0.736788902218768,1.09581909829661,0.0094594980692241,-0.0721530084769201,-0.810288975929737,-0.0419725861554757,-0.61894660084499,0.607575514064249,0.786877787027618,-0.091601080827644,-0.557747064661187,0.21228591200855,-0.0227721294555953,0.874434400217259,-0.323109684018869,0.192030953572919,0.148032202536505,188.47,0
44666.0,1.30512996443856,0.425317434035768,-0.0307424878766222,0.910388689134719,0.238073949560232,-0.461152275031326,0.275407837351107,-0.242692373373286,-0.128310094361316,-0.0162319772785057,-0.953948640848068,0.503339009188651,1.25719049359499,0.117292806506262,0.858781572464229,0.241259421358835,-0.794638551908881,-0.0147288468581625,-0.0618596632573696,-0.0464241412458395,-0.0151636930231942,0.0635632490231011,-0.215640318913977,-0.412658273345703,0.837432895870492,-0.280044720209488,0.0200034397505707,0.0141640479848624,3.9,0
53107.0,-1.70327478443956,0.675092463970809,1.11862988241079,1.22518605164116,0.652148833348821,-0.149965787867608,-0.12080855939326,0.362268790648964,0.341476184668311,1.16094710632219,0.926873448199495,0.19571262118204,-1.5896835936658,0.269617717652914,-0.221933475119684,-0.9951797805341,0.426487460468854,-0.0964799478644519,0.983572275628091,0.18855817973901,-0.177882499916781,0.17111780833847,-0.293315816245023,0.022397703711592,-0.03200290368312,-0.213441568717074,0.810543780562843,0.475539386468524,1.0,0
123333.0,0.39930587539763,1.00712836514918,-1.73228533074127,-0.902459350535375,1.40495878633728,-1.79415190554252,1.90844380192376,-0.61158149971771,-0.359310992215653,-0.288392113332185,-0.695126202947443,0.410702460836939,0.280617263293778,0.678010831211387,-0.898451171119805,-1.14046854678213,-0.228072406091715,-0.598455198938513,-0.299402445595595,-0.0779927375352538,0.512037142616971,1.79215080023638,-0.0079268513412701,1.25369745948663,-1.08576895204916,0.0492547924183367,0.518914266144404,0.396574115384107,15.69,0
43261.0,-0.739362038770421,0.381754262448937,1.77604978860043,-0.125977008650281,0.129637433924493,-0.78001942734523,0.459973359519191,0.0410402003264261,0.21285414876063,-0.852443942039725,-1.19575353214418,-0.258466453238614,-1.04795584740345,-0.144593098611827,-0.967534376306776,-0.177223823353781,-0.114782227367543,-0.352137672428169,-0.357929127060477,-0.126484959257288,0.023178420804305,0.112570285391094,-0.188084320592325,0.422467342883833,0.0632901214065247,0.262745296082591,0.0523132463649783,0.115314175523227,10.0,0
71461.0,1.27110887530729,-0.860215307743469,-0.167019426872356,-0.844150449202907,-0.502688287940087,0.0686912492241468,-0.484409100588564,-0.0085967523028652,-0.797508336296342,0.678397893402203,0.184977555448057,-0.16300765861235,0.132056412958275,-0.149392453471227,-0.675657316047892,1.2838864540855,-0.124413648042733,-0.785908408385554,1.51944002661393,0.279554562472502,0.0379218438526418,-0.102120186203208,-0.262597520662993,-0.80210670820112,0.629909087830493,-0.208295526088707,-0.016545327258128,0.0066119165075123,100.0,0
136079.0,-0.558289818532761,0.0642363535492016,0.878778286474558,-0.636425296289773,1.14491333712205,-1.15318063329713,0.794784296188802,-0.23109171736498,-0.259007996646218,-0.267961456349036,0.722156032880112,0.228941044072123,-1.08496308625127,0.397240026145294,-0.989024753584838,-0.0127729815788897,-0.650568125601385,-0.136490725285125,0.271399867359099,0.0302671381614849,-0.140088714362721,-0.439921602252281,0.0793327766666899,0.0512625742175909,-0.677190170684923,0.0692429486777393,-0.0951656177329913,-0.0537826838333719,7.99,0
73998.0,-0.497820916281132,-0.515246172453638,1.01849070053369,-0.692588091282954,-0.446324853560797,-0.131891436733545,0.238633391260167,0.0589290949842195,-1.81499075253746,0.554231809075444,1.50425335776281,-0.350938800222538,-0.159694859305478,0.219833463005458,0.52246143322916,0.439095949186746,0.679695716378294,-0.941206106030704,1.52234489855451,0.588198846291635,0.529707783474955,1.14014875454835,0.257088442748132,0.034682228730628,-0.418734129090173,-0.0710498176209265,0.117473271250893,0.16173385873504,149.9,0
155542.0,1.86822575153021,1.36307703789779,-1.99493428288271,4.17351574396431,1.23975095036686,-0.746186461637677,0.572730531134135,-0.131234840026775,-1.55183852136659,0.228849430580481,1.70189470812283,0.144622386270367,0.104087683833243,-2.95416672265135,-1.37412192590939,1.88941745516528,1.71451073880902,1.10465991097437,-1.59744021309102,-0.172216497505385,-0.301001481390408,-0.818972281356086,0.206812306872685,-0.263683031819147,-0.114958101067535,-0.240672123611963,-0.0066294488588389,0.0172577348698229,3.14,1
151030.0,1.94099015876723,-0.286714313667102,-1.52609449976342,0.423961974663242,0.266550696441571,-0.550713066131186,0.218017471793839,-0.310497147021411,0.393275442380887,0.108410798849405,-0.963830406905201,0.541325630348686,1.04578723288015,0.111568290815256,0.345879936447583,0.0211496201780436,-0.622196050860752,-0.117663801584654,-0.207509253714339,0.0369300518718888,0.318496646054,0.930390174326915,-0.0998576224524738,0.577944321096819,0.245817027968111,0.551356475964754,-0.0741598426053982,-0.0462890954390747,84.15,0
133143.0,1.81232095971575,-0.249775034810999,-1.80279481413074,0.153109836470426,0.759718497585186,0.713003663245744,-0.229996773185287,0.342863305055118,0.836559880180231,-0.808597758378218,1.57388498378393,0.953416705903477,-0.644485494834779,-1.08916409795756,0.0551230239997862,-0.658682630083544,1.64077847176533,-0.789298825049601,-0.632541267318899,-0.243827545446832,-0.115838420707027,-0.0635210834581488,0.213216966796791,-1.47053515981657,-0.310625266694523,0.006698751577035,0.0351757108195247,-0.0422354619066744,34.66,0
146450.0,-1.64013444825196,-1.19895235734835,-1.370875842717,-3.02901244099946,-1.23901673664155,0.0106323662203304,-0.222872822004482,0.697407053876695,0.262793199199497,-0.88205019984646,-0.123013875174167,1.56006372662079,1.10684804406767,0.185300746364594,-0.855863823266257,-1.26598530587258,-0.290958997552221,1.51353828611138,0.250952249972508,-0.937920869623178,-0.756531506748539,-1.53124165329529,-0.170179826591525,0.10233738267609,-0.592355780910215,-0.80179547286003,0.173918453462947,-0.550673188132742,266.77,0
55614.0,-7.34795494690262,2.39704134824746,-7.57235581757844,5.17781925521834,-2.85483828261718,-1.79523877381611,-8.78323473517424,0.437156561210431,-3.74059750992972,-8.33286306292127,5.76318940883843,-8.70787929219866,-1.71694948774786,-9.57719439289905,0.146369002626258,-7.58649078643175,-12.5039309695675,-4.37563101237668,2.46519487038601,0.0731637913502985,-0.175273369741836,0.543325051876651,-0.547955067054245,-0.503721690122004,-0.31093277648824,-0.16398601754964,1.19789504657005,0.378186688214491,0.83,1
79366.0,-1.53460856616641,0.575812595736511,1.43951792340417,-1.8190724634118,-1.6352640352049,0.0838206670995642,-0.0422507139639859,0.317669555225362,-0.887711856207537,0.16445639077239,-0.303876266451145,-0.364435723931923,0.936397603219256,-0.580256949554626,0.679548444723,1.44649897121518,0.160777003839273,-1.30044642247295,-0.701229580136718,-0.112032858822358,0.493228501977517,1.35206662561134,-0.300238462811768,0.150807579154647,0.0456199934754693,-0.20048788414171,-0.182731359380713,0.0495697830684413,139.0,0
117959.0,1.96004614311979,-0.527609389560011,-0.34421032232225,0.292030100350476,-0.598823013046496,0.0279118382156507,-0.780473780534995,0.141488448182964,1.04314557681819,0.170642948188854,0.398185222797341,0.897515876550442,0.0493967395529316,-0.0671908703284371,-0.269287918162846,0.573467048652722,-0.815581598947297,0.53834299312601,0.099525837104834,-0.176188811271745,0.193111386886599,0.74776442955052,0.109054287614874,-0.409611924260873,-0.276762905172886,0.578922331768101,-0.0210670193404804,-0.0612865838001245,11.5,0
141714.0,-0.257246034832716,1.03225963578466,1.2267153549086,2.79065388901277,0.278834953271612,1.02419970377645,0.464306119710578,0.175646573405127,-0.785772269199732,0.889347428753404,-1.76711588635236,-0.638682294401421,0.0732355253306208,-0.51443606805147,-0.937802636630338,1.33203828528197,-1.16581799119218,0.252187541947611,-1.86975580138007,-0.294993280825344,0.229140688181432,0.651605171374443,0.0473342725160719,0.545820140193545,-0.407738099589629,-0.0887669368786361,-0.174599762190854,0.008424418319503,68.09,0
140811.0,-2.77174185377383,-2.68559044043023,0.209257492075542,-2.27095194974217,1.06242913701042,-1.22634077845148,1.10903575967863,-0.075101988825103,-0.46942991072309,-1.1306748932889,-1.68851448288002,-0.22650337931338,-0.289134692865867,0.0608987013589229,-1.03900059612294,-2.07311097607489,-0.240087306967553,1.29788817052622,-1.31885930371805,0.88081848633835,-0.0424421803401139,-0.727457787605795,0.799043377049941,0.474331001730416,1.55049662043149,-0.725078538498546,0.0604602109626907,0.17169161917907,419.57,0
65385.0,-2.92382666427262,1.52483716405302,-3.01875803326242,3.28929147538496,-5.75554237361289,2.21827630310359,-0.509995431790455,-3.56944356866613,-1.01659168855188,-4.32053577559936,1.27720226474415,-3.70174966668488,-0.97186959353265,-4.85777667212588,0.0906055221312176,-2.80150199048762,-4.18680753704806,-1.64840609367465,1.1764455977519,-0.447039406719925,-0.511656805196235,-0.12272408639124,-4.28863899895194,0.563796657800838,-0.949451350280346,-0.204532177495445,1.51020648735902,-0.324706012560446,1354.25,1
135626.0,0.19568064567725,0.904835189871887,-1.00359119598342,0.888976648248417,0.897764122673657,0.0557897650538548,0.656388614238893,-0.171752822537758,-0.709909089367405,0.259977946016341,0.850632570167502,-0.1447258810218,0.0483081114754867,-0.532162711430546,1.24249615670599,-0.319176000891969,0.854216745629182,1.48153468897797,2.70970289078136,0.186369440010854,0.359650471629759,1.16660451243591,-0.0024213680579786,0.193105877871075,-1.28981627592048,0.86941952069988,0.0264575705202778,0.313565722529367,46.65,0
96135.0,-1.95293262584861,3.54138524292281,-1.31056140773257,5.95566359407,-1.00399266347247,0.983049267722507,-4.58723460197373,-4.89218360319852,-2.51675203271071,-2.85032390160027,2.02467408050134,-6.48774641306604,2.37646259977422,-2.24151634571345,-0.566869734947616,-3.93685691797738,-6.12719357199364,-2.32855196140235,1.56212955232854,1.96502978343686,-1.99809122812016,1.13370623369264,-0.041460872197789,-0.215378738296157,-0.865598577097396,0.212544577403768,0.532896738259478,0.357891632792824,18.96,1
34548.0,1.22458201325621,0.390017380735146,-0.174758124995266,0.72446949074883,0.792534757302136,0.609781255334616,0.211019624326005,0.0818160238354442,-0.525773097560641,0.115587295193261,0.629395053183193,1.25785492845767,1.29477523994935,0.368732470358021,0.349665582488576,0.400683420769214,-0.943957534973805,-0.358260737602521,0.287985056900579,-0.0292833993856887,-0.464106431818719,-1.34881985739915,0.0532926152567116,-1.39626022129508,0.364952828854914,-0.744611467133656,0.0277816708435964,0.0062080516835189,14.4,0
76954.0,1.24254474661651,0.678423542036615,-0.217431851623599,0.950671679672265,-0.126356013560806,-1.6957948543042,0.467295244006522,-0.4016582812387,-0.328662986652233,-0.623662110009732,0.738544275381244,0.565915905937768,0.734902196682872,-1.15821680645641,0.801338396277549,0.261557095229744,0.958418357333372,-0.143279332082366,-0.530343066810567,-0.0381897182465968,-0.0929633077137384,-0.17170898273619,-0.0238708371566469,0.855145942272429,0.530024895448166,0.332755593068134,-0.0275354906577493,0.0439332471783231,0.76,0
139929.0,0.0224586691679584,0.808698088631742,1.69351925008238,4.61024606049054,-0.137054059077081,0.931185359823078,-0.309475970900183,0.428115141412612,-1.37195882869033,1.85156341315238,0.432077045222941,-0.240089676460218,-0.44523581337591,0.0842815256192696,0.0372230793116471,0.309543387783372,-0.116856743974309,1.04169179675241,1.09018248524415,0.383864320110534,0.283677363833051,0.914576778127208,0.0112355520926158,0.0642990462577696,-0.262612909003907,0.518488987768889,0.267081898014845,0.0166456108011899,41.91,0
76736.0,-1.53632604364472,2.22364937436685,-0.387142985727294,-0.27965410986807,1.09882561871248,0.737699056834819,-0.558894449899536,-2.01629817739731,-1.54480471618692,-1.69246567423038,0.700914101350521,0.756102426567896,0.786821262571185,-0.759220367276036,0.251225885422624,0.944971144036778,0.885393136015867,0.886787922996794,0.120124364777722,0.778488667635733,-1.35902332958584,0.12410198141363,-0.334982643982244,-1.44912235927674,0.593078263862788,0.496445391955232,0.110715649896838,0.104753393746229,0.76,0
148859.0,2.05054114889241,-0.364329068684986,-2.54295481666945,-0.729276015219229,2.38835651115099,3.31805081336506,-0.479005293347528,0.791532743628205,0.403362147170899,0.0931857198448627,0.004392069382592,0.390170470396213,-0.212537409218757,0.495566270689059,0.47264562989231,-0.171581794083036,-0.368257836839639,-0.976551189125794,0.0228375515927029,-0.154774306776962,-0.293302397335489,-0.834854661384187,0.381652263042454,0.698184622167203,-0.264835173310351,0.219264315719821,-0.0521500549711786,-0.0669226041701829,0.99,0
47982.0,-1.23280412810524,2.24411874456383,-1.70382579275654,1.49253586483501,-1.19298516971563,-1.68611021267902,-1.86461150490967,0.856122313785725,-1.97353527775248,-3.94238290411726,2.40165068027699,-3.39426561777896,-0.145161724970334,-4.32979551307589,0.758760885824274,-3.19904647594093,-4.48018356526203,-2.48566878350317,-0.0958074336903356,0.207889301735382,0.560475065574211,0.165681717805126,-0.0137535165177887,0.474935180269258,-0.218725074414735,0.302809125708237,0.46603094153746,0.250133538809307,0.76,1
154599.0,0.667713641374798,3.04150237620527,-5.84511195572955,5.9675870384467,0.213863332794167,-1.46292281110712,-2.68876058357809,0.677763512400754,-3.44759589638668,-4.70757080611204,4.90581986504193,-5.20837397192841,0.532498380473016,-10.5440113995705,-1.3074187011067,-2.1335934878907,-5.13308149079721,-1.06215078075411,-0.819371096333784,0.558424597641949,0.32976014592914,-0.941383471890008,-0.0060746623400234,-0.958925352213278,0.239297864946551,-0.0673556786513241,0.821047585911653,0.426175251596766,6.74,1
43653.0,0.972874016342821,-1.06949756016744,-0.178625832380711,-0.266752683159979,-1.0111209193133,-0.578723717627051,-0.382719921323679,-0.025257211180057,-0.428594238879588,0.0338954931263648,-0.172357030181194,-1.29579047033079,-1.42354702656096,-0.992250966108696,0.498857480066916,0.911499231496901,1.6772045186969,-1.48135144881465,0.257183645121038,0.353863865669669,0.0464495808069496,-0.316104801208339,-0.133183998090515,-0.0179888682722336,0.283519286023058,-0.287385503165838,-0.0074664872314066,0.0650438247710304,204.38,0
151972.0,-6.61821088302128,3.83594330652809,-6.31645312939344,1.84411148322924,-2.47689242073119,-1.88671810778613,-3.81749461717225,0.613470204441387,-1.48212104737573,-4.86874726825181,3.35972193954249,-5.96916163430263,0.0511899909273825,-8.72449560202264,0.776390603031746,-3.93938374023711,-7.16443030217363,-2.43467181629124,0.235226841085862,-0.953826982523315,1.63662230588548,0.0387273057562163,0.27821816645377,0.786670356804443,0.063894559165062,0.154707097104458,-2.04240272642132,1.40514055826157,57.73,1
33622.0,-1.27015326678518,0.0259419303706659,1.67642275572529,-2.88821053815586,-0.760927486295399,-0.072037935601693,-0.622985883908739,0.158284274648955,-1.92517496544421,1.75632626268323,0.348596327369887,-0.641564563686922,0.787929390629196,-0.770744698367294,-0.350679795631582,0.371263801562086,-0.43803766184943,1.07077647962458,-0.410116349557902,0.0321528888680431,-0.133936774046974,0.196066991264446,-0.455153475244215,-0.510562053438853,0.589223894155443,-0.137092474655798,0.418322686574187,0.246540281795122,13.4,0
136152.0,-15.3293467911846,1.51780871029962,-10.1158381058516,0.970134350368038,-3.9009665060037,-0.28836596432061,2.15670738217369,1.23342942675525,6.32578693099973,11.2180091213079,1.11317272699548,1.28520901851936,0.62188260714999,-0.752496928284123,1.08355776571287,0.241322435533155,-0.623135521838151,-0.339946106249736,-0.0943114535901181,1.00048492149724,-2.26145942448215,-0.176707982646801,-2.42728548001165,0.423999534515772,0.933384307413949,-0.787925945008693,-0.262809668918411,2.2923134113038,144.0,0
162592.0,-0.88490693402612,1.82565515025565,-0.726874755613447,-0.885983097697952,0.994412940088102,-0.679211807349354,1.25918556073973,-0.440220633196499,0.869389533887952,1.42160859529205,-0.774108503509297,0.542719196164453,1.51212336153965,-0.460007961514025,0.466633198129603,-0.583741000688501,-0.84117963227689,0.0084343712510774,0.009278052271396,0.821775525920533,0.15825360723922,1.2639892041881,-0.141526432380648,0.532889755006118,-0.450871809908909,-0.247841540969727,0.876725304264451,0.417143754702576,3.55,0
120173.0,2.11478044447023,-0.56740182920394,-1.57423199248032,-0.103849207928302,-0.706623812471605,-2.10045665027528,0.273712831749245,-0.582535193357325,-0.768763734149253,0.983184870150778,-0.442000385397847,-0.340728959146495,-1.1092531380521,0.708373988175256,-0.423207598083169,-2.35500994438075,0.572932039800835,0.386095222673588,-0.937570191000693,-0.686740487584314,-0.203951551136804,-0.031451240438864,0.154453605472986,0.94966218914526,0.0748389947177686,0.772371224274198,-0.10736951671401,-0.0702270625880382,31.67,0
8090.0,-1.78322883722709,3.40279371307631,-3.82274226552205,2.62536815276644,-1.97641541136284,-2.73168901231308,-3.43055914949085,1.41320351399318,-0.776941494554916,-6.19988176274188,4.36671348631445,-8.24326243368313,0.345761165232579,-6.59055029705192,0.265576095932165,-3.02845238846152,-4.21448627485607,-1.21360784773725,-0.265421595374812,0.364089115014408,0.454031931736316,-0.577525824201459,0.0459665375362652,0.461700017592254,0.044146161217817,0.305704433918549,0.530980986346765,0.243745598122111,1.0,1
34634.0,0.333499490680108,1.69987344643198,-2.59656116696059,3.64394526899047,-0.585067615145778,-0.65465853161144,-2.27578851019488,0.675228968561644,-2.04241592376479,-2.83487115980611,2.80200512615164,-4.39273243849001,-1.36967144973756,-5.32728665168661,0.16315896154,-1.35938947657172,-5.09518287931609,-0.338012656200231,-0.124137989024621,0.32934171405761,0.469211944535006,-0.144362651206432,-0.317980934036568,-0.769644309522666,0.807854587509663,0.228164299217237,0.551001873896763,0.305473419992231,18.96,1
26556.0,-19.1798264145873,11.8179219897853,-21.9191735807843,6.0862356342864,-14.7088447898427,-4.30888760741835,-15.3579518065836,12.8571650181242,-3.99986076978115,-8.9286556608751,5.8492930661792,-8.26164983722413,0.153829148314596,-8.82935922766409,0.0088788388257268,-7.0709530089254,-13.6297209427085,-4.9588298158479,1.27209136353211,1.572949614923,1.74680154191934,-1.35314876613352,-0.762965072731218,0.117027851903743,1.29799375563032,-0.224825057048525,1.62105238966989,0.4846144027264,99.99,1
33404.0,1.04287404099833,0.348936224003479,-0.207597133706544,2.21584148027034,0.991927724431388,1.34950325438482,0.10076699554582,0.451493251084084,-0.739606679290611,0.60086417265468,-0.243357925007817,-0.951579509928302,-2.09242924320581,1.02845756768061,1.54711066951486,-0.735406720230386,0.714295665311553,-2.07568223748412,-2.29302173031797,-0.397682722627389,0.0648599352555371,0.193582984843358,-0.007650915026561,-1.37928130420329,0.389286204793441,0.225198608139262,0.015613924677189,-0.0106511579142239,15.16,0
155846.0,1.95423545271207,0.620917790638939,-1.41356137143564,3.684596395914,1.05259890734703,0.0307369015754655,0.591005490277062,-0.178127831209674,-1.10846549669072,1.46158888932278,-1.62592606093233,-0.446008990398876,-0.293497659285536,0.412012822152076,-1.28804975878047,0.438254862241444,-0.630009501396907,-0.640603243063725,-1.15333816916576,-0.253984899362799,-0.0384262344289685,-0.0997646768451891,0.0804265857414532,0.447806912353906,0.268827708680668,0.0018996617543459,-0.0719332907078213,-0.0535046226393674,23.59,0
103808.0,-4.51734375344642,2.50022390414582,-4.01392753708116,1.18945163355882,-2.48686063585833,-1.41347553285281,-4.24570662259591,1.26508694822894,1.16882778968781,-4.51390660472333,3.69471123994721,-6.11044323287235,-0.110521636054475,-4.18455528093394,-0.93103463417672,-1.61471832598223,-3.35318018239636,0.236762036968587,0.0038960221310578,-1.05616226010439,1.32694422202396,0.102998961106284,0.508166904438541,-0.278017536127694,0.139721094971637,0.0646100247346309,-0.972358289293076,0.351359561196795,2.27,1
90041.0,2.05575929392656,0.0117224694699776,-1.09746447989002,0.390596438960446,0.236760769637959,-0.565179213580223,-0.0084931830736498,-0.24843061562145,1.57162248229962,-0.1331944873057,1.51062923452143,-1.4391486034278,1.88610363616173,1.84162709593396,-1.38320749799897,0.192215626821573,0.0099585313842848,0.0319579109638619,0.410543316170769,-0.229036190026471,-0.417145936920579,-0.845596448220904,0.278330652189935,-0.548664412455995,-0.281942595323987,0.168760553411555,-0.100743236544708,-0.0809291880774134,1.98,0
93860.0,-10.6323749061596,7.25193622855414,-17.6810718207918,8.20414440620562,-10.1665907519072,-4.51034377036334,-12.9816061559658,6.78358879797499,-4.65932958355558,-14.9246547735487,8.38914233451929,-16.4655039422141,0.33851695978655,-14.224403603167,0.556584472572111,-11.683998043525,-15.8416159780561,-5.75319975278369,3.81304079276336,-0.810146481561289,2.71535704420309,0.695602689761576,-1.13812206664164,0.459442241911828,0.386337323495895,0.522438449202614,-1.41660373652915,-0.488307035713995,188.52,1
79481.0,1.14540051094266,-0.548656019035972,0.957812924625696,-0.82892633284715,-1.19544343798566,-0.181277509675195,-0.848692557760933,0.322937051985439,1.76653427785233,-0.91224028304441,1.41268493050854,0.800639203748822,-1.65040209229762,0.380751976321133,0.969975278935908,-0.528877182334482,0.0405905215193339,0.348131125762581,0.420482367462129,-0.247147053794203,0.0634486139188678,0.358248554290991,0.0241583662921692,0.207911067951131,0.320425940781802,-0.682014996454152,0.0969746309617657,0.0206109173694898,1.0,0
11817.0,-1.50491500039804,1.03686273681146,1.5920507194038,0.267358961352376,-0.139418256771844,-0.426190397247348,0.658968730296529,-1.75733252087757,2.14213091550938,1.49159674808867,1.27689132738281,-2.24496038065833,2.93898183575052,0.394082814587094,1.26730487454394,-0.682660286209243,0.580262543057596,-0.0606487075033971,1.54009878662727,0.385529555895126,0.211033121144124,-0.251623601378861,0.376352812932214,0.398210873231968,-0.620736208268522,0.97460836426012,0.0350070885706818,-0.191223598114995,45.55,0
17230.0,-0.469326705102944,1.11145278248281,2.04100272504592,1.73159516277684,0.135146841769907,-0.0936251754891053,0.266155169970928,0.0829882363836626,0.58025540346041,-0.164562674892883,0.500376369958899,-3.0217601822032,0.924213260310925,1.50079377517002,-0.400282644242405,0.706047712602575,0.115114264650572,-0.0467958788933584,-2.54852159198286,-0.358708665630957,0.159387389394564,0.592669568808717,-0.0535961838321624,0.320747502076217,-0.36912075429213,-0.136604684929151,-0.100845186803931,0.03934714768212,3.93,1
56484.0,-0.900708867292718,1.06825438501206,2.11785355369467,0.261997315654605,0.0462973038129358,-1.08986298624887,0.947799120342099,-0.192873106722834,-0.66384970336351,-0.612929291620625,0.0839751499025524,0.723090273203492,0.930377995380942,-0.0821998655191196,0.215272322437823,0.267718322024513,-0.63635481427828,-0.574215613917937,-1.05535260960589,-0.149112555933529,-0.144322255894998,-0.458216282869956,0.152763371516274,0.88407860889658,-0.109334703499043,-0.874553749489739,-0.0032966414785296,0.104046388106521,11.33,0
88672.0,-3.85988078691481,2.63288131193679,-5.2642653095088,3.44611314661501,-0.675231056544998,-1.90495945391597,-3.2910408690196,-0.985766040904484,-1.16811416733417,-3.93629417027159,4.25656448730292,-6.60065448140166,0.0056263764660214,-9.9585309187018,2.47135790380837,-5.7001414199952,-6.38809273753128,-1.83815930102503,2.99317350708135,-0.178626358366056,1.66411901528299,0.785075271950043,0.0684124857414983,0.778960915978384,-0.863165919910699,-0.0068096144164965,-1.06573404007904,1.77332644564776,1.18,1
172342.0,1.83066607370647,-0.957714257489178,0.0365285552934828,0.602433218717516,-0.856576693567401,1.00853247318145,-1.28590235833578,0.517216975748602,1.85863311747439,0.0019639510596137,-0.227074240618851,0.52862238422386,-1.24952476080518,-0.382562961558252,-1.20298032660853,0.372609644446185,-0.439150892923653,0.504145531741341,0.424223831205851,-0.173197979079462,-0.0296908752036901,0.0887406987628633,0.23599365976751,0.291934399184286,-0.462260073697134,0.207392817489369,0.009614202579567,-0.0381164499946127,49.0,0
115052.0,2.06707829870701,-0.159945112198587,-1.12128695999697,0.416204488111842,-0.24958917666631,-1.21542564902435,0.078621588778783,-0.244030546783847,0.777295631169202,0.118660753432118,-1.05685458752495,-0.394686624812195,-1.4539011541897,0.575751529984914,0.212119329191767,-0.0156549966000771,-0.223116006336037,-0.662184574009614,0.179898318199387,-0.321992180955307,-0.311376453541855,-0.835186572860604,0.351665093957807,-0.0661476619653931,-0.341595669781485,0.204960124684833,-0.0806543475576985,-0.0639841356819372,0.99,0
81145.0,1.23864825117673,0.283521271033545,0.0872738529753856,1.18206936259746,0.355461469814612,0.313636689911756,0.111083876598739,-0.019543852833267,0.194176376598505,-0.15000736516883,-1.11109428558405,0.798815241412677,1.03940566557278,-0.189987225455853,-0.146922302317115,-0.528266250943788,-0.0994973310651458,-0.832714840735447,-0.0565611695957969,-0.113005586617764,-0.149509743347122,-0.12182254803978,-0.172032718501069,-0.730774214618133,0.812151110831541,-0.262841354285777,0.0469717928469099,0.0083245675718083,1.0,0
30852.0,-2.83098405592803,0.885657038258755,1.19993009832405,2.86129223993172,0.321668777779154,0.289966026429405,1.7677604489638,-2.45104966190813,0.0697358066743391,3.24508640095346,0.675287853392807,-0.677096334427304,-0.222741128141729,-0.913786970583513,1.60333192308268,-1.0245020918608,0.0220452070437295,-0.940684674142594,0.484758940230455,-1.01692314354721,0.546589339675499,0.334970736976198,0.172105676221893,0.623590288019672,-0.527114316331261,-0.079214654387473,-2.53244529803097,0.311176714703215,104.81,1
63365.0,1.14773341016571,-0.110465740531657,0.677822491798697,0.50593534265181,-0.347963261376346,0.388890429838023,-0.399807118021804,0.244208476981772,0.3636487331622,-0.118918855307965,1.01578168724484,1.21967715475896,0.0261256462822545,0.0154257099141523,-0.485390220525925,-0.0794774456787491,-0.123100753902591,-0.617866995042272,0.310373207518763,-0.107784801487735,-0.313708733949481,-0.757133988099113,0.123420284944747,-0.286871308793591,0.131154075548856,0.222980885387658,-0.0036954426707688,0.0039585080557029,10.0,0
133810.0,1.92011136726918,-0.290887439070962,0.525844907854524,1.39601254912674,-1.04992421429543,-0.112401693441611,-0.999432768291718,0.108468108149173,1.31925739226633,0.122059390505134,-0.943296583644926,0.673533691808454,0.847331033146697,-0.52944085200908,0.75364499993769,0.70710771166134,-0.902331426215384,0.536249197472355,-0.865896720138217,-0.211227980443324,0.257708629239458,0.997132053692075,0.195441993994661,0.0452310430990063,-0.284229329243119,-0.59113546524674,0.102208100645698,-0.0157297331047571,0.0,0
72693.0,0.857319376025435,-1.03799374449706,0.800260412230419,0.141858150206787,-1.06006480928298,0.619534375012512,-0.730823280404799,0.397459755951117,1.14793017057358,-0.357781044809302,0.608074725937034,0.541504704619469,-1.37315394362775,-0.0520371487860988,-0.562810060754607,-0.0384815579553659,0.133244277884329,-0.292072252794703,0.481538318147802,0.133220506540005,-0.100404212556254,-0.4343016951723,-0.0594846337868071,-0.250013426245074,-0.0228127363887659,0.963176595529806,-0.0585571789379075,0.0208068758021333,158.75,0
34687.0,-0.860826892469905,3.13178963278262,-5.05296813449749,5.42094070941518,-2.49414141557203,-1.81128662834635,-5.47911745062699,1.18947198655298,-3.90820579292615,-7.06074618169306,4.72997415443333,-8.62905440849263,1.17879796289388,-11.1820634139742,0.445243112696547,-6.53298227788478,-13.3892507167674,-4.48041256680694,0.432054206519352,1.0857595200589,1.19269353963797,0.09035581053399,-0.341880850908644,-0.215924151333767,1.05303194615504,0.271139003495332,1.37329957704625,0.691195095871691,19.02,1
27752.0,-0.505333345575374,0.284071846699532,0.486727265138414,-1.14884601168406,0.837255776361976,-0.81960629454504,1.09380282673188,-0.279254758715803,-0.27216248019977,-0.931097370720618,-1.27358125882081,0.690301354754934,1.60786548629373,-0.329068939256244,-0.806833075174187,0.0464781329361897,-0.677825488995796,-0.569389821388938,-0.0875856742633662,0.179113762224866,0.0889635849255334,0.236720789117018,-0.0172350022401478,-0.338486499080892,-0.328894058000907,0.862900285100918,0.0390814463323137,0.165264053836758,70.0,0
35828.0,1.21207275464801,0.200280116030742,0.247537195420065,0.657771607122595,-0.315170911416162,-0.637701567420639,-0.0900849021361615,0.0177241811208296,0.249837986578574,-0.283912589601034,-0.0939593616425647,-0.456328226784691,-1.25380074408179,0.0313671086103873,1.50606416403911,0.254593233955842,0.356481451107548,-0.568960232398298,-0.546882699895393,-0.206038778198179,-0.27677122816013,-0.83511517981238,0.176376750905375,-0.0060503317086496,0.0938849264924636,0.129011402588634,-0.0161343908922461,0.0242755704833733,1.79,0
155009.0,-1.3744534064192,1.03031696999764,-1.29430346585209,-0.940121142000818,0.962199129202723,2.4734676313808,-1.05729357950337,1.54691647737465,0.54928334202231,-0.883250294490156,0.462344931804403,0.45562669033628,-0.457434900250375,-0.858210173970885,0.458173625626189,0.175937824820197,1.24075320386835,-0.249846638041734,-1.52061273049022,-0.623578804982884,0.509211021116818,1.22261843336126,0.206497168979706,-1.77184583057999,-1.23632138223771,0.51582828148559,-0.860243922579292,0.0442170644822369,4.01,0
18690.0,-15.3988450085358,7.47232389650112,-19.0269123426632,11.165525840514,-6.89385628014845,-2.12093657486019,-14.9133299850456,-0.721214094320184,-7.1750966153358,-14.166794659606,10.2777688628065,-14.9854337328686,0.345179234077653,-14.6663889726541,-0.346352541965346,-8.33324249555463,-12.6025964553952,-4.87668342078337,0.604625910708604,1.11150221461014,-2.44488368228,0.727495341024629,-0.345078151264077,-0.981748551471828,0.995271346300177,0.816761717958274,2.26294237384391,-1.17806316323334,1.0,1
79351.0,-0.776084322731086,0.536899884021948,1.68913275719164,1.12629150276009,0.813275094407541,0.808425604956376,0.662625083842615,-0.162131738479881,-0.0224684798609157,0.63528115380371,1.3621881904991,0.301265097955018,-1.13481887096366,-0.091992768228617,-0.0379725334005457,-1.46269759294523,0.47861176191608,-0.615083048268787,0.732941172658673,-0.116594174908699,-0.0144842896850863,0.523049112248731,-0.0620964524501341,-0.293405332662656,-0.333063114325302,-0.310642936542299,-0.497860412286725,-0.31418812933284,0.89,0
139641.0,-1.31464577794089,2.0680691596965,-1.14107457115322,0.730621515388899,1.45731876579573,0.346335314357688,0.755452493938113,0.786025974876707,-1.6714116432798,-1.23254392239451,-0.0038644425728539,0.392902882648832,0.365317026725416,-0.385046902617899,-0.671167318210453,0.0070545807908325,1.10357494322497,1.16930467243039,1.37593547177857,-0.0897176607202822,0.0584657792434927,-0.0265045250328485,-0.663222585169433,-0.44787797717323,1.28323804313558,-0.182562952569774,-0.310675332918429,-0.0841949360873747,23.93,0
41204.0,-8.44028396323147,6.14765332384605,-11.6837061588856,6.70277957100753,-8.15583929706995,-3.71626415558662,-12.4073130564101,5.62657129554302,-6.23216089363823,-13.3866834395246,7.60555947435276,-13.351815018081,0.827049642773684,-14.9794773489142,1.53281308437662,-11.7714969677127,-20.2992165093576,-7.60911006016911,3.80913643570604,0.520732330180873,2.19285541971989,-0.282596814624446,0.0080684981124645,0.403858336982018,-0.0187883930291726,0.522721636106603,0.792690689790115,0.0677895462043786,30.26,1
67571.0,-0.758468652663917,-0.0454102784513458,-0.168438290153528,-1.31327481447103,-1.9017625315847,0.739433414882114,3.07189204639003,-0.483422244220096,0.61820276215476,-1.7690597207318,-0.651414013964987,-0.0054232908009888,-0.517194341398293,0.217469760178719,0.883558824493356,-1.17397764863161,0.24334710955825,-0.342300728238465,0.68705620239513,-0.0324998988871344,0.0426194565214976,0.397223782011498,0.0722288654476503,-0.242275996603303,0.560916469624214,-0.540954584325348,0.150606446374032,-0.117140114799884,549.06,1
139986.0,2.2231171040183,-1.45352965674238,-0.482488323448416,-1.73585087710425,-1.49535706414159,-0.455699881572831,-1.40141205548064,-0.035288515401209,-1.4018813009052,1.74805789771703,0.657924908970277,-0.160104822893563,0.659520047478385,-0.277500343101931,-0.0437704116753112,0.287380582130229,-0.19463449790222,0.583354731615961,0.0672421378796606,-0.363873932997918,-0.294399955598797,-0.512611159587595,0.400670825807537,-0.408428327941646,-0.63433837434086,-0.479340146743682,0.0263171556521131,-0.0440134382999642,30.0,0
155662.0,-1.92861326665902,4.60150558710842,-7.12405297794577,5.71608803673092,1.0265785454506,-3.18907306708797,-2.26189690158112,1.18509635557546,-4.4419416151592,-6.64615382952148,3.8278680907164,-6.51864882248249,0.25113654845891,-12.4567059527055,-0.649166482109423,-1.28314500024635,-2.71855972503703,-0.0854660890712058,-2.09738547120766,0.328795983029392,0.602290585417557,-0.541287465014078,-0.354639278954951,-0.701492058320209,-0.0309729820836431,0.03406987758686,0.57339303199888,0.294686316081238,0.77,1
169347.0,1.37855899734127,1.28938093711056,-5.00424678441137,1.4118498419441,0.442580635567782,-1.3265359338336,-1.41316995590712,0.248525467627175,-1.12739593417081,-3.23215317539514,2.8584658156696,-3.09691489835154,-0.792532436177748,-5.21014084572584,-0.613803263850514,-2.15529688535221,-3.26711568106648,-0.68850546268346,0.737657217477667,0.226137945500703,0.370611857232494,0.0282344454140697,-0.145640429197154,-0.0810494069107769,0.521874501959455,0.739467256056059,0.389151843520624,0.186636547522687,0.76,1
142394.0,-3.36776957405755,0.0992494427033949,-6.14848744863103,3.40195536781235,0.458306649432465,-1.57162971516015,-1.35870798100218,0.672409368648482,-3.18800116217364,-4.93742665954554,3.72393253444097,-4.60317614883077,1.0191795522313,-6.61909019992345,-0.590223955779135,-4.47254755736649,-7.16504438660351,-1.58112819134185,1.93037970885184,0.264698703752275,0.861308008231813,1.24930138847935,1.85062715893443,-0.117471200405974,1.21981539606006,0.0002506190192774,1.03601138278301,0.0043667546240766,320.01,1
53685.0,-1.17715226362428,0.329364228265709,1.62230026665909,-1.35936730003229,0.51206500602425,-0.24361590206205,0.531938018734509,0.169106297564018,-0.471245551925793,-0.708225137306477,1.07686515694246,0.150407673446096,-0.796669315697686,0.392465379557419,0.242313289663689,0.444503261980328,-0.586883513243119,-0.155964293367128,-0.325737819602328,-0.187451184763519,-0.0209185671444159,-0.119469262380778,0.0481998908249757,-0.272634892924567,0.23683844884884,0.912124171729963,-0.142997889601999,-0.0166773001781801,7.68,0
88737.0,1.91782653091941,0.951966571156228,-2.05920551344214,3.83399771227534,1.66819219140891,0.769825697337707,0.23246305671161,0.107940567202011,-1.14364568858013,0.541699242973355,0.301977229683697,0.257697090947377,0.709147651977866,-2.420715975085,-1.99774018079568,1.50669615001484,0.799832475247662,1.16276426158317,-1.15062735713932,-0.115922317627863,0.0152553539964535,0.239994342022941,-0.111915984520572,-0.380575889863537,0.370994788995014,0.189116547062326,-0.0058232806791896,-0.0121050906997506,9.21,1
68207.0,-13.1926709562391,12.785970638298,-9.90665002092758,3.32033688288942,-4.80117593230105,5.76005855618556,-18.7508891580107,-37.3534426378925,-0.391539743919107,-5.05250236713858,4.40680552357904,-4.61075647740608,-1.90948796970811,-9.07271093398351,-0.226074450896345,-6.21155748212485,-6.24814535335983,-3.14924669470095,0.0515761185277783,-3.49304991519446,27.2028391573154,-8.88701714094871,5.30360690376998,-0.639434802306313,0.263203123457008,-0.108876929971315,1.26956635541013,0.939407362758877,1.0,1
26863.0,-21.2091195927913,12.6521968313004,-23.5539329441267,6.17407791004356,-16.026658125511,-4.42219459449987,-16.2294437253382,14.1160019049786,-3.92274144947115,-8.72024451506225,5.49388683652872,-7.7408158639401,0.384814230466723,-8.078240669038,-0.0148996037313368,-6.7012888702885,-13.1592668578419,-4.90303149501704,1.1462752482696,1.60243883702914,1.75844007534189,-1.52258816196329,-0.903860197993699,0.130166452450156,1.45485651906738,-0.223214403323927,1.55092845004664,0.461459566763514,99.99,1
157082.0,0.113618353371334,0.713899123851089,-0.486513043708475,-0.783642076490626,1.67995381271369,0.781045631021911,0.906517956790252,0.151227825233379,0.226617841045564,-0.73874988948355,-0.342974308091725,-0.47676407342831,-0.818629129110579,-0.999390665774421,0.662828412555886,-0.506381551647739,1.03658155954586,-1.39854433486225,-1.18845244969127,-0.0266513261966247,-0.3337934917325,-0.585551241921532,0.138038366442638,-0.688514148949802,-0.649551284802798,0.195028727451203,0.0998736535889216,-0.153086317189628,11.99,0
70071.0,-0.440095203221886,1.13723897606434,-3.22707975693117,3.24229293383089,-2.03399815309639,-1.61841464754635,-3.02801259904704,0.764554819893569,-1.8019372093973,-4.7117686842189,4.66325458481107,-5.17173460782892,-1.62407024790733,-6.71387819491558,0.607986267670607,-3.27520749888835,-6.8238312134789,-1.35530868624906,0.291250739005026,0.895840844006848,0.764186724577691,-0.275577693085964,-0.343571526478397,0.233084829252444,0.606433640125543,-0.315433462199896,0.768290751269875,0.459623327730251,227.3,1
169503.0,1.85981526733689,0.240076468401077,0.135749280592897,3.69526425984608,-0.100236553537881,0.698747988898437,-0.59805576029708,0.258712733195808,-0.52248694911054,1.55310391571685,0.0034134113811769,0.363297135276494,0.0087217977775037,-0.0626154594318639,-1.29502209938816,1.43565974152458,-1.26199326739833,0.644105301024171,-1.33163385394385,-0.276501643575057,0.233399165282136,0.776201901897701,0.108960727166186,-0.353019661215464,-0.164329876190447,0.0743893207361732,0.0096144613589844,-0.0475049444678293,0.0,0
116499.0,0.351051285979737,1.0396630599831,0.127447093689797,0.972910881716909,1.10105371757362,-0.110720374497234,1.17301971785509,-0.66344374490607,-0.398737388053388,0.136024098755435,-0.332030833162643,-0.274987702316391,0.829051523283816,-1.42354394293436,1.41663903572783,-0.933148856322069,1.20262448541551,0.153819579185195,2.81932546216792,0.459489631260498,-0.333926248898483,-0.451202260437537,-0.0085232208390365,0.425754971511467,-1.01736859052857,0.471626542329346,-0.251130997775423,-0.211143576078433,18.0,0
64154.0,-1.03220752721759,1.56455960093858,1.24227093579311,0.784923736233477,-0.240895311353148,-0.0144652087828648,0.24702041959921,0.37024424731968,-0.764213371926243,0.390714873704277,2.04090407415954,0.797068590369048,0.290506126909069,-0.0894999997471888,1.38210987031301,-0.427329519411708,0.776755589412619,0.0248551130996983,1.41426539632344,0.395987859700936,-0.176207324788411,-0.288773453889291,0.018416977982857,0.197916219208849,-0.414140657224871,0.307190098474133,0.0506593100620618,-0.0532422720940182,13.99,0
148479.0,-1.541678492331,3.8467996764866,-7.60411417332843,3.12145858452036,-1.25492417272895,-2.08487507838532,-2.38502692521029,1.47113982318282,-2.53050724987995,-5.17565967956169,1.92718574923744,-6.01115469172088,-1.19560144211912,-6.74556131619148,-0.0580910805508333,-4.3251322468452,-5.55806727496643,-1.58053122025709,0.971906321717639,0.114760087792356,1.09640466568909,1.0642221648192,0.0653703316207609,0.257209437635477,-0.693653969054163,-0.335701711683891,0.577051520346345,0.398348367999506,122.68,1
120338.0,-0.169621319140867,1.38272337190815,1.07461394745891,3.18986566703156,-0.0305659050395821,0.286999801170619,0.0281672033225216,0.587363441776576,-1.28140012994076,0.66387616252125,-1.68325176591356,-0.374404274786439,0.0901116816609869,0.120810868155602,-0.651274087709656,1.32307151408611,-0.805947757565803,-0.0698755410268654,-1.28911057392048,-0.290765814744797,-0.0561250677233973,-0.332494859453053,0.32732857733982,-0.206630983773716,-1.14054946898622,-0.425493432740325,0.0068167304821727,0.0438370816507842,15.73,0
99255.0,1.97684020127564,0.329345511601605,-1.47111601301182,1.57542726963891,0.63300559724324,-0.860077823665269,0.578348911147995,-0.472892674601242,1.3386652174958,-0.151412960096565,0.397174654452326,-1.72510372444567,2.05686537699578,1.83688229552347,-1.31375815057333,-0.875295647144384,0.66977855706755,-0.550264229830224,-0.560077460584338,-0.236934494867744,-0.0620463093536019,0.243939783070429,0.0624090731679891,1.05087490679784,0.423001495887607,-0.588914332072214,-0.0452041851882971,-0.0525792691518066,29.7,0
130304.0,-0.899496308607285,2.03836029775559,1.54344808898035,3.9345874110449,0.832753735936733,0.879236601258875,0.972883513985948,-0.151447692357458,-1.38872800582628,3.04090176078863,0.302457570133726,-1.14670006429983,-1.368039385024,0.0800530726859607,0.10241384398663,-0.314260738721826,-0.194481891925281,0.780037156713665,1.60166060434082,0.810324035881838,-0.0688367975138582,0.470360408362696,-0.581456632339977,-0.358609889244563,0.656574049107737,0.647481904592453,0.295866404139118,-0.142924399933624,0.0,0
44863.0,0.893147782762306,-0.464121701026417,0.721374910607446,0.408726734761184,-0.0255756920075013,1.81449731240274,-0.743798043138237,0.667593326283565,0.319142775094891,-0.222268463588237,2.09655222024106,1.55218482427745,0.256683868507112,0.0813172868217013,0.843786227460693,-0.936168548026544,0.698448505751228,-1.6087455509716,-1.42758361330725,-0.0967502737055419,0.291638828661779,1.02318565182154,-0.0274126872313951,-0.92529524080694,0.103450285288615,0.711551054311393,0.0492608326204129,0.0014442512555712,57.75,0
51102.0,0.815374041696981,-0.706998812948911,0.670535567901565,0.609584355271714,-0.63262023547731,0.730753431448475,-0.502174099998053,0.372296490370936,0.449978676985788,-0.136651451526311,1.44484314097401,0.892602475406752,-0.566373029242445,0.212796456549511,0.36783886168671,-0.208589935472686,0.110939510072059,-0.445539670999329,-0.624915046206697,0.105677961983374,0.273525584322816,0.639792860274878,-0.164226955771435,-0.212913987037105,0.207251044994716,0.635298913236454,-0.0119185250358053,0.0234504041653556,149.0,0
41646.0,-3.24018658731411,2.978121790406,-4.16231393691373,3.86912437879902,-3.64525645477793,-0.12627056104764,-4.74472973694714,-0.06533104369042,-2.16836609501902,-4.75830407509117,3.47109784646449,-6.5331067689397,-0.983468669556775,-6.07398900285949,1.12540670902583,-7.71804240456347,-9.85592743669396,-5.19390789281555,2.04269768780688,-0.224043462894117,2.60144102940002,0.23191011639882,-0.036489849092758,0.0426396452203885,-0.438330345949387,-0.125821080392006,0.421299802439127,0.0031458761215678,172.32,1
150139.0,-6.68283191622627,-2.71426804459821,-5.77453045690806,1.44979237466742,-0.66183640822251,-1.14864974026029,0.849686456067088,0.433427022470355,-1.3156463890999,-2.79633153858609,-0.448793725596362,-2.56260240774572,0.243482526844698,-1.18166939064494,0.004372871675287,-2.3025956900034,-4.446191868553,-1.71046314846621,0.982728632705372,-1.92852719254856,0.22052629481591,1.18701320438743,0.335820816532534,0.215682964100827,0.803109991522633,0.0440333423786634,-0.054987627978561,0.0823370925160337,237.26,1
126331.0,1.89703788589355,-0.140618169909045,-0.670776741430445,1.18419925576144,-0.0725982567774936,-0.0379065129870353,-0.233090032461951,0.142603317955677,0.565703797226583,0.328353594219434,0.63577612511843,0.622656464256012,-1.13476203037614,0.538216361262413,-0.57966334878971,0.307089275790857,-0.655322480881671,-0.0231522593112089,0.155792108582781,-0.26108098023082,-0.410480794611851,-1.23411382272189,0.498149941969437,0.629700127731562,-0.462050663753057,-1.21471299123357,0.0173885860507987,-0.0312164039424597,25.0,0
45805.0,1.20989032335942,-0.0679728539204827,0.737895765535547,1.4945324735291,-0.600090299728692,0.0585032107581373,-0.409920489378267,0.137184890222107,1.0987920705323,-0.170231125601813,-1.73190694442019,-0.246509017222708,-1.35724445956226,-0.203104867128787,-0.783917252356783,-0.3249517287131,0.0513339849797158,-0.126345898379316,0.301084394620626,-0.247066723267502,-0.164197860095711,-0.174972030522046,-0.14095602235699,-0.126086787306192,0.713479763712414,-0.251387230957128,0.049262491172798,0.0169637267115298,1.0,0
149676.0,1.83319104756006,0.74533277919767,-1.13300871289587,3.89355597724996,0.85816381687158,0.910234501320998,-0.498200069408129,0.344703185766382,-0.667939095579291,0.398155064675901,0.613867739096179,-0.0225614827826197,0.452018065249222,-2.96920095585607,-0.964967034325346,2.46444980239245,0.671240576431668,1.92102109165871,-1.61692658827377,-0.0855787549071908,0.0392894902587427,0.181651614823537,0.0729809106352829,-0.15529884930206,-0.149891395375819,0.0127924878401756,0.040853819187149,0.0229031158842699,17.39,1
7535.0,0.0267792264491516,4.13246389713003,-6.56059996809658,6.34855667313983,1.32966566904142,-2.51347884762413,-1.68910220031328,0.303252800547589,-3.13940905736457,-6.04546779778801,6.75462544809695,-8.94817857893317,0.702724998099873,-10.7338541032306,-1.37951985681718,-1.63896011485587,-1.74635013628103,0.776744097926754,-1.32735663549015,0.587743219006407,0.370508651493253,-0.57675247317433,-0.669605371766238,-0.759907529538618,1.60505555017462,0.540675396428899,0.737040381683977,0.496699108168337,1.0,1
114341.0,-0.289811302178895,0.877448339959146,1.50094233778056,1.13866291698023,0.266824069365751,0.117523218509947,0.813521168696182,-0.281889305046886,0.3506035861587,-0.067759647382333,-1.13173511616253,0.672258545727498,0.603987438132694,-0.717964011490921,-1.01926989571078,-1.09456030152383,0.165302989836418,-0.81951843654543,1.15572257467348,-0.0084047404791658,-0.419732776189047,-0.7806039088047,0.0999209606242222,-0.0585361622932625,-0.852198553724774,-1.06211673409585,-0.155905534296762,0.000412067519774,19.72,0
129095.0,-1.83693980524096,-1.64676405421121,-3.38116824152195,0.473353567439937,0.0742428680588724,-0.4467506984682,3.7919065488031,-1.35104516710281,0.0951859632710584,-0.0844995591396119,-1.54230486820434,-0.540534807018906,-0.27207903913702,0.712541142762088,0.234979844917,-0.907666065803548,-0.391051374531861,-0.0347191590047466,1.08428646665042,-1.58614369731197,0.0106634770821352,1.78668137304358,-0.151178223750849,-0.582097763853728,-0.956061535679488,-0.334368991860647,0.715600326403013,0.370449747000955,720.8,1
11635.0,0.919136507326981,4.19963266902077,-7.53560659365729,7.42694037455047,1.11821533001319,-2.88672235145027,-1.34103599607144,0.363933268353337,-2.20322443100109,-4.13784019622865,4.57011280759332,-7.62916958856017,1.73391746350254,-9.44037499459843,-0.0233533498971062,-1.23395828198259,1.63200885764087,1.3157345644727,-0.287188855297045,0.535434663150233,0.316093599204254,0.0551792270194195,0.21069215028398,-0.417917881438145,-0.91118827562932,0.466523924588163,0.627393270472548,0.157851282541588,1.0,1
9729.0,-1.71179258587759,1.04483689888824,1.93278085970564,-0.429021247169004,-0.338586383481491,0.389832771021218,-0.259720939746052,-0.805283451401938,2.26950320423378,0.45926634772379,2.31661751152719,-1.65952367536558,1.31984533271735,0.765815386477766,-1.21512653405267,-0.437145522721993,0.734515435232587,0.0414562035062605,-0.106263358671907,0.0981879387881938,0.709299019158584,0.368780753829402,-0.0209310048411887,0.23724387147368,-0.333658351045769,1.00775005508821,-0.073077157708619,0.224734966302352,9.28,0
7740.0,1.02387386852139,2.00148526626613,-4.76975183220974,3.81919458538265,-1.2717542273697,-1.7346624268403,-3.05924503160896,0.889804791975203,0.415382113237262,-3.95581234352737,3.57205481558784,-7.18645159050588,0.147242340802109,-5.24930454889762,1.67833367358535,-2.64147310915178,-1.31205856007348,-0.391716050952505,1.11826355175812,0.204137684042271,0.343282648722251,-0.0541956644068491,0.709653952497143,-0.372215866946976,-2.03206836614816,0.366777602071192,0.395170669257609,0.0202055389458413,1.0,1
167817.0,1.89854145430808,0.356218378863773,-0.70089025164174,3.73057080789171,0.455646566687645,0.443901013049764,-0.0220130260786349,0.104749332609101,-0.755175229742047,1.57072355153308,-0.341321326843619,0.0463679852643413,-0.820672579722843,0.300051111865752,-2.11993219232877,0.813655238486685,-0.889968965716586,0.208477183237225,-0.871722700186711,-0.327111055588361,0.0888544743401919,0.371700429897572,0.0182665950293902,-0.515500738122879,0.14211252657959,0.109477223362722,-0.0356267039888373,-0.0669242443080311,7.58,0
139826.0,2.01874160754153,-2.58921112413664,0.153174221112282,-1.3603216665234,-2.10930610476835,1.74544092351058,-2.67163604743055,0.686329925349513,0.668471034853649,1.35068252990437,-1.5314423991162,-0.975695413510766,-1.36344318871339,-1.37665959118039,-2.31933407388138,-0.176004387365945,0.427736177892598,1.35317276206464,0.819088620579442,-0.31937863601679,-0.0635021482418049,0.408292100447022,0.0350140192323135,-0.361992048118905,-0.317714655620757,0.0331061769200885,0.0806890262629636,-0.0299008171266863,104.45,0
82065.0,-0.352842030833111,-0.402166834627451,1.01810706124387,-2.70747929076853,-0.6742377196076,-0.150320746260408,-0.391125806571418,0.101119886773618,-2.1433149883986,1.22193888401031,0.621478691047318,-1.14854196102059,-0.981368374533633,-0.0477609873822813,-0.542087989920199,-0.152820444394448,0.12100415001234,0.341137612800752,-0.917253271961853,-0.560011595151564,0.0052242266953946,0.21927336413707,0.0368346997015322,-0.370539606748476,-0.811727911785514,-0.498486636175483,-0.081977771004776,0.184472022906922,15.0,0
18675.0,-12.3396031574122,4.48826730168204,-16.5870729373632,10.1072738734101,-10.4201989827431,0.130669811857349,-15.6003233044816,-1.15769598093331,-5.3046309683427,-12.9389293107706,8.80568196718575,-13.5561301301468,1.16546376028499,-9.80988150207055,0.369987279150665,-9.50521044515487,-17.5420303090874,-6.79263778723153,2.06937744931751,-0.0855014634055812,-2.0896096332232,1.74531450014405,1.37681580939778,-0.554271418366818,-1.61074085196174,0.153725444536768,1.2124772080589,-1.86929047595671,188.78,1
69766.0,-1.30183645413888,1.69368715267613,0.467844213770518,0.761573826553137,-0.534435044647629,-0.275302792000264,-0.200419233341344,1.0922394727092,-0.759875099990942,0.0078439241308331,1.08971614071823,0.344264703453062,-1.32983517116673,1.37328769887701,0.637125589841435,-0.205633033835551,0.316116770512294,0.303265684768602,0.223809073486853,-0.080226170296833,0.237940969354576,0.601199535620079,0.0019131813048673,0.197234961339984,-0.272671268955679,-0.303851298526289,0.279144970548498,0.144311046771359,3.0,0
85285.0,-6.71340697159693,3.92110415204576,-9.74667821737542,5.14826254938013,-5.15156271985187,-2.09938865681113,-5.93776683170198,3.57877960420447,-4.6849517505833,-8.53775768653457,6.34897930341209,-8.68160893168352,0.251179384774619,-11.6080022570993,-0.351568782034355,-5.36356643348466,-11.9390915052116,-3.58360287020043,0.897402406121681,0.135711322729059,0.954272201927517,-0.45108644858101,0.127214424071711,-0.339449869297565,0.394095513633807,1.07529509891805,1.6499059092424,-0.394905372194808,252.92,1
163181.0,-5.23880773573245,0.623013013517624,-5.78450659224569,1.67888930740175,-0.364431871608896,-0.477294697773818,-4.27613150437269,-0.695172912010584,-2.97164438627248,-5.52913123107677,1.77950450310136,-4.83615901427864,-1.20899187512247,-2.90118981074214,0.281878305641659,-5.53954431982868,-7.2909602133188,-4.89776603568321,-0.30860899195249,-0.203269802188999,-0.326139919163346,1.50923868732044,-0.215966267193936,-0.245726907285863,0.893041276540073,0.865758089249014,0.854657016693772,-0.964482422283343,39.98,1
78725.0,-4.31247908052279,1.88647569827836,-2.33863356144698,-0.475242891532036,-1.18544386151204,-2.1120788975769,-2.12279296550593,0.272565132222544,0.290273064048255,-3.8337413849476,2.50978140392157,-3.61123136485112,-1.02429952994167,-5.29192495475268,1.6498073488757,-3.26265841898301,-4.33311795972043,-1.86304896791862,-0.0095336065683719,-0.718705614884897,0.550540662080627,-0.0678702198276179,-1.11469186343039,0.269069433187685,-0.0205724593187757,-0.963488862263668,-0.918888353795928,0.0014535621767338,60.0,1
156583.0,-0.695282476086853,-0.406443556942058,2.04029244286081,-1.16329890522111,-0.234568961537078,0.0688025594377751,-0.573305651017142,0.29981859067257,0.496996648488596,-0.832862956541282,0.796251541803811,1.02055197724396,1.10022856880552,-0.335676029618623,1.10991341843752,0.353575875970399,-0.680393808125968,1.14711389018077,1.28358524800385,0.397516251624561,0.401316604329408,1.08845788770282,-0.0534216147292902,-0.298856556748412,-0.494389089750439,0.857569582384227,0.111999382217449,0.147014162164165,50.0,0
148771.0,1.91881929688886,-0.812119819068103,-0.820352017663769,-0.79818687782119,-0.601888226961388,-0.58501310912693,-0.414664168767555,-0.216386897310145,1.39874488441003,-0.452517125702912,-1.06757299053655,0.898583139403111,1.64444230981965,-0.351799182452555,1.08981803445578,0.385191375856083,-0.83588307261374,0.154739273951229,0.29128358153393,0.131683863830257,0.203876231602869,0.630140077027662,-0.0025045583126814,-0.540893660595616,-0.235810417277443,0.731557876457638,-0.0473867249979792,-0.0399067127963056,100.0,0
54198.0,-1.34176791829488,0.458872329999053,1.43928219125081,-1.00705167720436,-0.614172521523039,-1.14165948651828,0.859910910019304,-0.307629541131739,0.228724209776165,-0.349439408947009,-0.13514954053076,0.0334380896438575,-0.0435811066589741,-0.14372020783451,0.63470660222663,0.508472989930224,-0.563612390489421,-0.481456008792752,-0.658662049645977,-0.31809505930852,-0.114450746539776,-0.104899948875343,-0.15246962479523,0.779824971424932,-0.565406294929033,0.673653209417874,0.0612175082943948,0.14564034218136,138.85,0
72529.0,1.21932460936374,0.363069110941013,0.27337810585389,1.00265242068439,-0.014253563741207,-0.565626780822846,0.247443231933922,-0.259059779690679,-0.168334682064312,-0.0636720044056068,-0.524762613791913,0.954033018573886,1.81377267438146,-0.0276980515148986,0.875901448239695,0.242842855166161,-0.751612711530295,-0.205733201381231,-0.204590227488439,0.0364709978673696,-0.0516975241517338,-0.0947590578327716,-0.1244073081057,-0.0860839985491902,0.655762254805674,-0.415866251881027,0.0279692330139276,0.0286073614108883,29.99,0
52125.0,1.42716694457594,-1.20974333006224,0.442385939729586,-1.40214077295013,-1.56827159334684,-0.626919337303084,-1.03878013987315,-0.137678251933703,-1.65165914030904,1.40023511732853,-0.93982972367975,-1.21631803023423,0.228611707602018,-0.318069536576544,0.841214238821277,-0.0175298935976661,0.269159681247927,0.138453580358744,-0.0673096366929739,-0.217836680213552,-0.371705899256179,-0.864118550184177,0.0722438507320345,-0.181038775224226,0.163320894496601,-0.383585878926254,0.0291154379917709,0.0337557964605111,70.0,0
113804.0,-0.953243894376063,0.0304395554260825,1.72484163509952,-3.1385566705906,-0.830858483613841,-0.675537026226791,-0.0167110603294036,-0.184485659542152,-1.37472194077704,1.42645179567666,-1.13611678233275,-1.59586945588469,-0.382353204475248,-0.946504936975709,-0.485225202397253,-0.441069739025504,0.200613015290875,0.0142581575463781,-0.91661374793185,0.0377604532521982,-0.315044645237915,-0.107041815946698,-0.395317507142338,-0.0633368776644901,0.694552861392998,-0.132751259195677,0.32528621029839,0.0147649430908086,2.8,0
170878.0,-2.87818088289025,-4.17502294643765,0.350721490750695,0.46751655403572,-2.02400448523892,1.25757725550632,2.36639654522524,0.142036942808625,0.523437418486748,-1.58744174505499,-1.54515316981815,-0.69505655448803,-0.170781878507833,-0.330187825204254,0.793905935482643,1.18864573150675,-1.02186102796502,1.21273389322648,-0.902698353116237,2.604193545014,0.964218031352506,0.478229964050585,2.65252591598976,0.34731915575049,0.29614209582333,0.287389398578396,-0.41210036275927,0.103929915041008,1080.76,0
36987.0,1.15612170320967,-0.297613828222896,1.10620526759639,0.683214633814697,-0.964373384078573,0.182297174364592,-0.796160631997456,0.294265503693426,0.840378311513282,-0.0434493372618271,0.503985801075733,0.505604373277061,-0.95001281142632,-0.0368946680251107,-0.370546763147505,0.501541315620166,-0.490208682439866,0.486738669446979,0.37994232494822,-0.135965124176677,-0.0714186350013916,-0.098637234213207,-0.0132447351458868,0.0071421600604844,0.234722235527877,0.323168553281901,0.0059080229109305,0.0120228727700974,11.5,0
123933.0,-1.22609900654604,1.26384050995276,1.59288176969744,-0.732319637752888,-0.0093588338147822,0.618837473349445,-0.150303242417919,-1.38505166207904,0.152877895024045,-1.40229443028232,-0.634402417357904,0.0765141773520578,0.723184112686276,-1.69873317424205,0.62528056619286,0.97755852980273,0.341197404976767,0.61999151962647,-0.530232402651931,-0.293956650474539,1.46447226870443,-0.628599687843099,-0.231586070374714,0.52529183785561,0.27015995367007,0.465719993731782,0.152673869539995,0.0972353696283779,60.0,0
62718.0,1.35128122984107,-0.186036685015703,-1.21289673370284,-1.08768250123338,1.93286121925717,3.14306411131976,-0.597295416675934,0.770722551495912,0.0480774503030149,-0.0669257822143463,-0.0098124408682479,0.0167708930302606,0.0617566281468778,0.374706795996482,1.2798522227259,0.621077209486152,-0.824652972586107,-0.0506887612710045,0.374834990386131,0.0479222190056734,-0.163216735414835,-0.604804145450614,0.0121090520604255,1.0597491650184,0.404557914652603,0.943968736828019,-0.0789566814828144,-0.00254168544885,1.0,0
83088.0,0.989101639543717,-0.359710975052227,0.993675369817025,1.26436621146354,-0.854294515275477,0.295761239957508,-0.615219114097389,0.264753229763114,0.597941207721485,0.0750187403142074,0.503181179756924,0.458456774647504,-0.730834517427684,0.0941580361010883,0.0106056571092228,0.642094493110798,-0.762391622437486,0.94002094401073,-0.0719832217998111,0.0067749740628132,0.191075795441486,0.46209736543771,-0.211652747041103,-0.0427835690733691,0.468894623896745,-0.242514635741779,0.0423346259596676,0.034687531382449,89.0,0
63161.0,-0.653443766917658,1.5408756526091,0.837824801625078,1.49285149267632,-0.154925984250583,-0.637356770436031,0.711794023125577,0.158810938386009,-1.60112151233143,0.202981187307241,-0.649856214260416,-0.0817534541195511,0.494029181446045,0.513579187114283,0.393262381935296,0.24627597057485,-0.0379387621875364,-0.41405998746877,0.173825042264604,-0.0760543361001923,0.105486309652616,0.124774129781926,-0.010358986980865,0.45396693240753,-0.510915782759768,0.920121546860115,-0.182427150563578,0.0725669059709134,39.15,0
147501.0,-1.61187733763361,-0.408409922870926,-3.8297616763406,6.24946176104187,-3.3609216090486,1.14796358238383,1.8584248531717,0.474858318489524,-3.8383988155266,-1.44537495699985,2.11390001406861,-3.25970246526323,-0.315347339360454,-1.80810297319338,-0.741877295217489,-2.98692008764678,-4.81586301103402,-1.27165458831756,1.70168502365985,2.42567742975765,1.24558218578459,0.616382702131439,2.2514388799998,-0.0660963924813517,0.538710327489417,0.541325493308062,-0.136243382191672,-0.0098522563228139,996.27,1
148053.0,1.26132423719507,2.72680028914035,-5.43501891203698,5.34275900861121,1.44704301840055,-1.44258408548501,-0.898701853990691,0.123061977888509,-2.74849590498127,-3.20243612238872,1.99136063471588,-3.98641621648026,0.577206841836268,-8.48579450596077,-0.794782274727006,-0.66613426737281,-1.37262938444618,-0.10431295585569,-1.46691055321726,0.313331634515096,0.209086136071647,-0.425937610932652,-0.154439525696635,-0.0188195044268996,0.632233951218357,0.192921615175897,0.468180887290157,0.280486470872693,1.59,1
28755.0,-30.552380043581,16.7133892350242,-31.1036848245812,6.53498386355181,-22.105531524316,-4.97769196369245,-20.371513594495,20.0072083651213,-3.56573779124378,-7.7310714411342,3.8294273949908,-5.31433227604015,1.44693027992913,-4.57926372815218,-0.142299360010106,-4.99784830436345,-10.9614103561188,-4.64148195920404,0.567056279787444,1.73364399368955,1.8165201713562,-2.28868550494101,-1.46054449877578,0.183179482716819,2.20820917836653,-0.208823971247713,1.23263629519904,0.356660010884047,99.99,1
153.0,-0.903628224068223,-0.23336259768981,2.58086353129083,-0.990572326575126,-0.397920254595172,0.281755036718239,0.238618916120657,0.249101589147702,0.651330367931997,-0.881774860885329,0.939971813753546,0.397778746399661,-1.49456262738193,-0.428434388392651,-1.30794235136808,-0.0956183593821743,-0.0801697746149894,-0.432193307441223,-0.336658275618394,0.0504711870898971,-0.0750174594454639,-0.0979062674333585,0.0594478702204462,0.24454763393364,-0.316141151323228,0.754404529795041,-0.166315608674403,-0.13817709645405,71.26,0
120042.0,0.273548862400019,1.07777763571628,-1.58329061015001,-0.756889461513195,1.14001067304624,-0.290453413178723,0.441403080767109,0.351306603429068,-0.590516555411314,-0.897393138054729,0.324786721678606,0.662078004747418,0.964207894460979,-0.652917129532611,-0.488857885705738,1.07483880291233,-0.237542366633058,1.16117898751896,-0.165750051066482,-0.18630539522812,0.306811399852457,0.825350954852707,-0.109289900483678,-0.168899082422769,-0.490198668343806,0.512365471718484,-0.114815157670135,-0.0455795839059757,1.5,0
101051.0,-1.46531575579616,-1.09337687781209,-0.0597678482279439,1.06478463530602,11.0950886001596,-5.43097128323669,-9.37802517086658,-0.446456139679101,1.99210961400888,1.78592177154007,1.36858453419511,-1.47169658834377,-0.72475884619705,3.44242199594215,-0.957403224855046,-1.62612941891216,1.41821495932655,-1.41791682839858,-1.65176618071699,-1.4576102135585,1.16062328833533,-1.2596968082996,-15.9816491909559,-0.883669935248733,-3.53671623161143,-0.59296488849027,0.675524833181225,0.424849351792902,0.92,1
82265.0,-0.61333005595895,-0.422209693247346,1.23791351544295,-0.673270965884053,-0.923925680456482,1.13473836268656,-1.35058987546756,-2.25620657056492,0.433713100202134,-1.50944265717178,0.652734834740429,1.42834588031126,-0.376756985127572,0.0501791131737463,-1.33941821264458,0.431673641263217,-0.143662099851618,-0.509082510852783,-0.665286087370294,0.902767099927455,-1.34985093430568,-0.175109083989547,-0.20765396298936,-0.248586824255409,0.748259669424818,0.891560749321459,-0.116785399919932,0.125565524252682,210.08,0
171095.0,-0.476201163426009,1.12724669260778,-0.842756915427586,0.302539456231913,0.524150111728909,-0.350915342714776,1.39424030433874,0.153359369015788,-0.864227179729526,-0.440658256293921,0.0984937877911306,0.708038935677777,-0.290189810861842,0.863469602063691,-1.65585499542802,-0.273986694522802,-0.467004001437844,0.118962189829595,-0.0190334253500438,-0.346699302802228,0.209350835620454,0.559098071080116,-0.20344933117957,-0.392279052940979,0.243733227360527,-0.570623006715366,-0.159990100435872,-0.0788500265802742,107.6,0
77182.0,-1.41085190223088,2.26827061391536,-2.29755364869312,1.87133052690782,0.248957097554545,-1.20879869131782,-1.35864849113679,1.10291613180529,-1.31736377078276,-4.62691916410905,3.35763973653551,-2.99881490434833,-1.95678634545881,-6.76663337149207,-0.869899592420961,-0.868576751992314,-0.370333268936992,0.419265507331837,-0.894893657235367,0.0580625903425241,0.155380926745126,-0.614880421672272,-0.196125537805858,-0.464375543427361,0.118473100986687,-0.484537034984231,0.373595915880442,0.187657248903867,1.0,1
84204.0,-1.92745281973369,1.82762056700016,-7.01949468454197,5.34830323951426,-2.73918788004738,-2.10721929638307,-5.01584797563431,1.20586815982046,-4.38271250852199,-8.33770697381781,7.19030608944843,-9.42484446049178,-0.223292646427513,-12.8754942229841,-0.071918160688794,-6.2999613976222,-12.719207160428,-3.74017615583058,0.844059610296466,2.17270905626492,1.37693832294098,-0.792016725563067,-0.771414187530036,-0.379574271539528,0.718716522008066,1.11115125599517,1.27770725705846,0.819081152045361,512.25,1
102572.0,-28.7092292541793,22.0577289904909,-27.8558111336212,11.8450129100508,-18.9838125824286,6.47411462748849,-43.5572415712451,-41.0442609210741,-13.3201546920984,-24.5882624372475,3.48195180343701,-9.12834128617468,-3.00825547830858,0.796579962453559,-2.1022985205307,-5.66036644069929,-13.0327849564566,-5.39234917412895,-0.901040817847599,11.0590042933942,-22.7976039055519,8.31627543891357,5.46622995370963,0.0238542303884927,-1.52714472319428,-0.145225187134896,-5.68233823990698,-0.439133675051458,0.01,1
143434.0,-2.7294819717688,3.31249456257958,-4.24271044395109,5.03698507739508,-0.376561160600044,-1.53246175254658,-3.44915850302961,1.85683931947767,-3.62333368933656,-5.6536376856402,3.94231582587852,-5.8837243606062,-1.34781373713666,-9.26612018494559,-2.4595563246821,-2.20564448269106,-5.70908680498665,-1.11393664017816,-1.55653021213315,0.164287792503557,0.72741506386268,-0.301431744500987,-0.502433327315861,-0.462308576168739,0.510682747439828,0.0466646930679243,0.514645779891103,0.140998673095746,1.0,1
100223.0,-19.6418567335974,14.7063346696674,-22.8012376947782,12.1146718424589,-14.898112530969,0.840777704221173,-28.0112929096778,-11.9196388199434,-8.9609216998511,-18.9132433348732,4.971248707036,-12.6863075224956,-1.07144311342478,-7.38337003956967,-2.99243029925503,-8.58230865037102,-13.8065681285297,-6.00035879778826,1.42263161326029,3.83464904792346,-8.22887409813848,3.31817776987025,2.58521234602075,0.195008569338351,-1.19480304002391,0.0384229399473607,-4.12674625203028,-0.645329219040983,2.28,1
95628.0,-17.5189091261484,12.5721178535385,-19.0385383213549,11.1908946558522,-13.5547207079601,-0.41192361337145,-23.189396512394,-5.30141221815132,-8.63039030596902,-16.2556117491401,5.70211147983179,-13.8124040899594,-0.306815322507812,-7.01360737195925,-1.18229035380557,-9.3601791927531,-16.6683693822389,-7.14746777723207,2.16209864550609,2.52851232971436,-4.96947772242457,0.976124822110751,1.8412479337881,0.334417748210128,-0.720128461316563,-0.232603423065217,-3.02199247294556,-0.478158234859683,1.63,1
58050.0,0.926795048582051,-0.0538109801128258,0.140837201296114,1.23720564585558,-0.298412382890026,-0.870138287818669,0.538334335152244,-0.360376721440137,-0.261679362745961,-0.105566122730014,-0.141590526732717,0.984605644549021,1.51503302529742,0.130303393511857,0.777528297855987,0.0022443417473265,-0.507857443569367,-0.29891478807651,-0.431684798238546,0.287709874994119,0.14431402054613,0.160471448444878,-0.262944987212444,0.441592062376635,0.677976660502578,-0.35068982520067,-0.0077393621183137,0.0522568727400072,169.47,0
125612.0,1.88961791435199,1.07309853428207,-1.67801752213825,4.17326819444992,1.01551580609762,-0.0093890345376856,-0.0797056036973578,0.0640708218352963,-0.714516675807338,0.0422275201898101,-0.408402781057003,-0.929370065771482,0.0586863166856154,-3.51284546122181,-0.164612974126633,2.06985302474878,1.7333815808837,1.58075796212324,-2.33518537609962,-0.15357026465285,0.203727978494943,0.733795720552592,-0.0365597489616082,0.334305770703597,0.147171035637962,0.279556488222951,0.0316687807243937,0.0358833226413502,3.22,1
35070.0,1.35057528302341,-0.600156441514001,-0.102500229983786,-0.959871498584515,-0.391490311633405,0.0156161453285689,-0.551904318426362,0.0501951559918825,-1.07790313840158,0.781060617808302,1.00888195223504,-0.207271701383768,-0.0677682729133874,0.168062733205309,0.286964723522579,1.10895286795056,0.0838241292395888,-1.08322577470803,0.704973173970937,0.0941601692031912,0.255280008621097,0.619583306968109,-0.195854348858156,-0.626604670318314,0.604758302427566,-0.0632825448551401,0.0004592556657758,-0.0070690979431681,30.85,0
110552.0,-2.45036662540267,2.10772866087808,-5.14066303982343,1.41130357398271,-1.69077950338918,-0.736427202926685,-3.65794634761755,1.94490590423047,-0.788387529063343,-5.62467713431414,3.51964234486905,-7.221590004268,1.20172802326675,-3.8114281425371,-1.70142802210083,-3.57140837935336,-7.31140729142311,-1.75435460658485,0.795448867520342,-0.130438203342561,0.800538093373868,0.364616671021501,0.233607611774679,-0.282077578211224,-0.320310972669244,0.49291998915127,0.35997644954193,-0.115471009476069,80.22,1
166123.0,2.08514071489683,0.107609594971502,-1.78191021836011,0.387274119700413,0.434617012010581,-0.806819609248119,0.139436899230174,-0.190544495558289,0.600857777161351,-0.359387688045786,-0.815928065388463,-0.2427551208487,-0.543431425882169,-0.727328375347631,0.286359360599041,0.391821132414269,0.45296549399469,-0.17872664892642,0.116009812932615,-0.191144827297981,-0.382070736642392,-1.0255745056495,0.327916899216868,0.361538184130534,-0.258820276985807,0.183452615602516,-0.0670952267360038,-0.0333631893929869,1.98,0
36170.0,-5.68501341827133,5.77651621042963,-7.06497672861513,5.90271545151069,-4.71556383098609,-1.75563332378958,-6.95867914257843,3.87779518702774,-5.54152882782373,-7.50211219093686,3.67670318691664,-7.64298306727846,1.68986512270453,-8.29965953059956,0.646996364810759,-6.79279505972775,-12.075932061394,-4.88217964265137,2.62662452479163,0.299488632233821,1.12864107441301,-0.962959729230981,-0.110045083655872,-0.177733240766768,-0.0891754157062679,-0.049446723229275,0.303444581632884,0.219380438614266,111.7,1
152493.0,2.12824062532787,-1.07833059787888,-3.24159019936152,-1.84902313931821,2.16339725930018,3.02598149880745,-0.541306595829281,0.587033826453952,-0.738480585977437,0.804089614959542,-0.0641376621536442,-0.447871477568937,-0.193691173051229,0.252918260716865,-0.344813887852138,0.168964134878301,0.498468558651734,-1.98749356972243,0.746719031021735,0.116273877296864,0.246119201991166,0.596077463728107,-0.0169415649490332,0.764197468146172,0.379349283791185,0.0182938137291627,-0.0487937374435431,-0.0738783395991276,64.96,0
33840.0,1.35751392932503,-0.816757639052924,0.624214864378178,-0.929919512925007,-1.084733943161,0.0877354815322474,-1.14995709501514,0.156527858285157,-0.539677697989877,0.781775991414779,0.537697664520564,-0.443939298479453,-0.0170721506216544,-0.220304688816552,0.523495009479478,1.94894707107996,-0.485994385545239,-0.0231934186960934,0.835659294843915,0.140884323327531,0.38251550698563,0.967726959790747,-0.232563166107308,-0.489349843465701,0.492545243871183,-0.0140611889740576,0.0265429993083007,0.0092639526830677,29.95,0
29291.0,-1.96302664567338,1.60318109002462,0.543823421781732,-0.582015150592357,-0.788169324858051,-0.922597705611607,-0.322714463283265,0.0381345706684744,0.149953708001686,-0.580356312633451,-1.1548334137478,0.0022218964324324,-0.967173720255901,0.620342499453601,-0.251607561024717,0.268283153764018,0.137367575711698,-0.402536621067891,-0.244582860038945,-0.410607609040738,0.595612412363697,-0.740508456778818,0.295625238571949,0.365374157658829,-0.102923117405754,0.30824491748767,0.0998031400571341,0.0899067859881174,4.0,0
56041.0,1.26869852953327,-0.920565663085156,0.877254483688194,-0.80443693794346,-1.09665540184486,0.60891023241936,-1.23479532107281,0.165809035681688,-0.31903785859561,0.523664052469223,-1.09851566821035,0.191304058101934,1.85478449050347,-0.660499459455762,1.69587204785976,-0.664001145913583,-0.511906229003819,1.37554675845336,-1.16478396248595,-0.273625442783567,-0.162889474639479,0.0374283163886097,-0.0772558525324772,-0.88699243498758,0.0459792373928458,1.20009823212018,0.0121297379602172,0.0242199870070758,55.9,0
136243.0,2.03768777191779,-0.155752590583377,-1.75982522956125,0.263750907229117,0.363800928803919,-0.70353824780191,0.287437323993912,-0.166234430782762,0.270445289032643,0.299638747140034,0.640183306221629,0.424191292237325,-1.28665932899827,0.815587733304772,-0.985070316293439,-0.303442683095877,-0.270378389728033,-0.192255994595221,0.491510597343748,-0.252002184640575,0.0052315937433954,0.0840790176335596,0.111187547349566,0.794978981935555,0.122887390715733,0.507701486766684,-0.114104339094558,-0.0804907737785484,12.95,0
53076.0,1.29623080363477,0.417447287721689,0.193963067987499,0.901644194576026,0.13053136701763,-0.371634020776762,0.158125823740231,-0.202668656827626,-0.0795117562857989,-0.0450882478448673,-0.876737591678351,0.687487636238951,1.5747177026257,-0.0077912302905812,0.948315691837591,0.37715383740261,-0.868182736046053,-0.0671351121445059,-0.0644929660672327,-0.0295593500917474,-0.112113509551068,-0.2200020323662,-0.121021883862135,-0.440454448442227,0.671540040565908,-0.413518433654353,0.0328380408333744,0.0206001971066775,1.18,1
31700.0,1.44536760379772,-0.650100951883825,-0.532594559906596,-1.14064936023808,-0.125831771842953,0.13306172051171,-0.514889049550764,0.003131838150551,-0.930146511650194,0.835942565315646,-0.225920641759461,-0.895357172926831,-0.352841160421689,0.177142879736722,0.166134750439456,1.72914742382316,-0.544414082959826,-0.232685187283151,1.45517636969495,0.150692317981238,0.160307716327337,0.267777206760681,-0.357781180210533,-1.37005909852416,0.795819233104708,-0.0280110613895993,-0.0226626710251078,-0.0133413466921225,41.85,0
75556.0,-0.734303155037818,0.435519332206195,-0.530865546585229,-0.471119606930407,0.643214386605141,0.713832369657908,-1.23457207133269,-2.55141159871634,-2.05772382572102,0.166830707878014,0.567551954604602,-0.85805991589575,-0.448067929957678,-0.264936238828755,0.88886293915465,0.838120616560385,1.42505965449185,-0.169664182600728,2.50202738858443,0.864536120628702,-1.00487737851609,1.15035358786928,-0.152555282700309,-1.38674463324096,0.0047160148280004,0.21914583821982,-0.0582573076118087,0.158047988697071,29.95,1
69808.0,0.13617431594606,-1.64776621962829,0.850033105793773,1.57617787088369,-1.56905686308435,-0.106751626883786,0.0266319496669575,-0.0917375911947056,0.517553439987264,-0.332989723433307,-0.331247618302879,0.652003980916888,1.16142061684017,-0.210748032021123,1.55553709210279,0.793532994665827,-0.798825989347483,0.607594359503437,-0.965012523444425,1.03127032556657,0.584648877613801,0.582370835716169,-0.54852958291644,0.456719361828367,0.202314878393007,-0.314319662996556,-0.0182200082581517,0.138061870317279,540.0,0
2223.0,-1.01450967370821,1.00366789656566,1.44782011361903,-1.20042280393961,-0.490698525511579,-0.847862899368784,0.191709118668235,0.498659393630512,-0.202517165577617,-0.996133830678045,-0.128616950720104,0.281219090256754,-0.0726741036411538,0.324020448862272,0.702198780671863,0.336343474800213,-0.105417081316997,-0.858341636007454,-1.17248031595388,-0.120590516014877,0.00914299823392,-0.0285875373226921,0.0513474954152107,0.431756950128751,-0.437568471275749,0.731000378518364,0.14997803420465,0.109182944675814,3.99,0
69468.0,0.178788778463745,-1.75678296607156,0.616024484110923,1.7099479205992,-1.62092823431853,-0.151555460369824,0.0047136798661081,0.0239593456289416,0.978088878431055,-0.324630040164043,-0.984527957047309,-0.529973604981197,-1.51776079767267,0.196552601005803,0.872033776630179,0.390005275340317,-0.295002917831557,0.523563726521168,-0.582345443294498,0.802463128892228,0.415556305417591,0.13029183098669,-0.523506384142015,0.377172095226069,0.267077101190225,-0.306710492219494,-0.0386784196048587,0.121356438541041,518.47,0
166130.0,2.0175488764831,0.0183223016512519,-1.63091154640888,0.358422500638723,0.266269752836172,-0.694315301725239,-0.0009433427484036,-0.0279725277437273,0.417480254306152,-0.171660431405479,1.07761960292323,0.208555471973048,-1.34779915494445,-0.378874202413426,-0.366864302524978,0.51896096010051,0.364827889164256,0.285450529510754,0.280468404150353,-0.233454485249438,-0.315359451900916,-0.903835235761289,0.36586928653077,0.634362111538877,-0.357106147199475,0.146891352918457,-0.0747743709102875,-0.0414724484183826,1.98,0
53250.0,1.62322049221414,-0.725914771560706,-0.495339885185074,-1.54075600614727,-0.632422776601511,-0.857421110409157,-0.396215639081383,-0.427294228196834,-2.29205719492582,1.4694958124481,-1.0445260024245,-0.680663179511495,1.51410864381509,-0.2791890012618,0.226049192033435,-0.578988495185898,0.304691737477962,-0.102350589895476,0.184125266081738,-0.256810056297227,-0.216972020119233,-0.163888439023112,-0.195879208333405,-0.43022950247326,0.827383089710924,-0.0340925558933812,0.002711336749924,-0.0001257732333464,12.0,0
163950.0,1.72071481419638,-0.503921305972235,-2.13964141354478,0.461605808282209,0.243314033631436,-0.761081006303307,0.329093218260209,-0.254137156269547,1.07545580968605,-0.979923247009355,-1.09711124292537,-0.0253594334625642,-0.154180229996341,-1.55862438504939,0.0255137294728748,0.217455215322744,0.988095198000947,0.289054841585404,0.261126094768847,0.187748435663555,-0.192497429644117,-0.68597029926322,-0.0578304669648459,-0.898409189651182,-0.0484771948498943,-0.0567205803816369,-0.0373536822940906,0.0043291572502218,187.64,0
82302.0,-1.31114678401031,-0.313278159509862,2.57258706769414,-1.411415701759,-1.04649569625393,0.700729576872609,-0.525967644361038,0.2731664634309,0.984946032013388,0.542008196425873,-2.53489385500948,-0.818108794066567,-1.06070195892794,-1.62463881709722,-1.9615093506572,-1.69196549501015,0.21030338046366,1.14030118737448,-0.27991920826307,-0.0943835716167654,-0.743376963027885,-0.875911190619684,-0.308783606241419,-0.425377609845455,0.373862852153369,1.0560811363557,0.320818104123784,0.0868335289146994,40.0,0
126759.0,1.99791980935156,0.225279569926092,-1.75581341672323,1.07722113086119,0.639835247057104,-0.9092681534207,0.631495828261137,-0.32749215759195,-0.309357262719544,0.516215376311674,0.672633939836843,0.77204577932953,-0.127458116983765,0.934852450050414,-0.404806871305747,-0.0014005427548188,-0.84745350505045,0.166264085112058,0.0221433971439419,-0.219952806790032,0.0820730781357567,0.25342233468016,-0.0045593706210126,-0.35386153265882,0.333408134350679,-0.595964419758885,-0.0314832254267384,-0.0678733365532493,25.44,0
8886.0,-2.53585211738111,5.79364414692454,-7.61846283574893,6.39582974649419,-0.0652101046678037,-3.13637196409103,-3.10455736262141,1.82323263760971,-3.87865758023391,-7.29780335001461,7.07166913682445,-10.001046368327,-0.207934540884304,-10.8606980453666,-1.69082504118249,-2.36085672411086,-2.76009701528795,0.29810341564323,-1.38555780172735,0.408704184487524,0.716719907055995,-0.448059938458541,-0.402406878680357,-0.288835222564699,1.01175223958707,0.425964621387216,0.413139555823146,0.308204656968305,1.0,1
135771.0,0.68725915252254,-0.855722870880441,0.0945011417273756,-2.65346450901257,-0.460622014899285,-0.116842962425981,-0.128803618468788,-0.217661405424903,-1.75919569993727,1.40310114572986,0.514402052854861,-0.252443395369759,0.624858826440303,-0.633212249678482,-1.49888911089787,-0.445576302311523,-0.104529535225755,0.498302344849222,-0.301776442713264,-0.286520797631706,0.114267533932322,0.943109502700363,0.443599853645929,0.684755814997833,-2.1770074948997,-0.624679747512461,0.224712133579524,0.141370044389921,48.0,0
160346.0,2.00281303442519,-0.164243772412371,-0.766287535216677,0.339966450750152,-0.049418210760887,0.244856225247657,-0.777507986828279,0.0912692089949236,1.09936884031595,-0.589743532075652,-0.814569191821213,0.721389901301046,1.9173246616176,-1.98830777632566,0.881531007211221,1.18242271818331,0.0183466266241438,0.607615151693661,-0.360369698529598,0.0162964124112897,-0.0488476015757574,0.0704592418801838,0.224249165390123,-0.0203459130201193,-0.421533860405578,0.379194663468522,0.0196682075302056,-0.0038555957440139,13.36,0
81878.0,-2.63047570013532,-1.95541135323912,0.654186443150327,-1.75016147347854,0.246489614572915,-1.35822425721985,-0.426247918219183,0.731731994213526,0.69678197262542,-1.55825978000887,1.24860334640967,0.662467503338105,-1.27791335886025,1.04146096411559,1.17069865571055,-0.221507856452901,-0.0221287567073689,0.405632631210156,0.372983790777612,0.845295254760073,0.357440428052663,-0.0130697518369925,0.353380353472418,-0.0028784541888932,-0.211017426903864,-0.231143800268773,0.209200880133171,-0.188694067175413,183.94,0
109297.0,0.745153216872909,2.80929887414381,-5.82540635746786,5.83556642595055,0.512319881201007,-0.615622343185995,-2.91657564356736,0.776710041712962,-1.87883185000296,-4.54693575081085,4.69879549591235,-8.50778570734412,0.718249309268122,-7.62871014660448,-2.24957848303647,-2.55866861696795,-5.30462366328046,-0.956938449028105,-0.585321852047277,0.40283675391689,0.284840710005163,-0.874383479410998,-0.0839950451669313,-0.651441658316508,0.454593823671078,0.0503758982755266,0.756952562644727,0.383868938615243,0.0,1
164414.0,1.8384615787994,-1.78745681274173,0.214603722973484,-1.12949241081833,-2.14964857307315,-0.220155178537491,-1.6306503666907,0.222657131134475,0.779741298008493,0.621736161037352,0.526870389284455,0.242629423479724,-0.677840191745495,-0.182461663902607,0.420234006477082,-0.635477840116161,-0.499890410422966,2.26648444589455,-0.650095545749,-0.392756117452805,-0.0513403460799176,0.191022976616546,0.249136916970032,0.0830604521779755,-0.841234013999638,0.84386532985291,-0.0200235231339812,-0.0277745988025712,120.0,0
121678.0,-1.01578846120133,0.623409639175495,1.14166040098282,-1.60411354787128,-0.632308252382048,-0.584924130310515,-0.007801607083179,0.538737622808885,-1.52435008535944,0.0461768981741319,0.189380347290817,-0.374769858167413,-1.374909249504,0.670209627572334,-0.787884197764729,-1.16400975939553,-0.0729934652689745,1.68296081287639,-0.573018282898548,-0.539415561472239,-0.360035140029611,-0.649474374239395,-0.292143950528442,0.0363087213427607,0.479702214073411,0.679427352535288,0.0898194972438213,0.0311301096232056,1.0,0
74432.0,-0.386419532628134,0.393876726531641,1.4997391510628,-1.45250537628537,0.285933918377422,-0.148848447265138,0.440311582277631,0.0911493067780278,0.12487881367978,-0.293446092283537,1.13585818862255,0.193946787793111,-0.785947239910416,0.060135969044274,0.203146626939144,0.598376537693332,-0.845934193840512,-0.157403094966328,-0.696458428724545,0.0396913597068499,-0.103799171219751,-0.129382901989407,-0.0693756055096402,-0.286843446590556,-0.361829188119939,0.729385378323151,0.0182274502191651,-0.173106925387055,2.0,0
48713.0,-0.495198533797987,0.661662566701292,1.49387119762164,-0.134544764333647,0.340553069022046,0.610915601931142,0.46176007884801,-0.247959092703191,0.524941114515198,-0.135087433259872,-1.83813320791208,0.202036490165988,1.43792750002956,-1.09723984454568,-0.112109531950077,0.138097671955182,-0.809641890251668,0.234905889957413,0.61206003700531,0.0568157527002147,0.0394239326735932,0.437652877161154,-0.476685945609009,-0.905649442304128,0.220929746132054,0.486317875164163,-0.518967938217939,-0.201929803525337,29.9,0
36752.0,-3.75542398599869,-1.15549084371705,0.650849106162923,-0.138299239545466,0.593467355073777,0.138599397780808,0.694164435883444,-0.149790093087309,0.791466269359487,0.699333251231931,1.36821356454339,0.135498060051888,-1.54268740748284,-0.129438716006647,-0.104281371021392,-0.16973658984996,-0.199022421076809,-0.938893124542606,-0.596334198281885,-1.4750764171265,-0.408743554601185,0.0054247431960093,0.717644487335856,-0.285351699000216,-0.258897149047486,0.0451673031258457,-2.01691229666822,1.24691974320109,43.7,0
4540.0,-1.40019334587725,0.744386202940358,2.11809213858978,3.12686380436175,-1.4017583390783,1.46090337903352,0.375688399646269,0.706134253291168,-0.0324592258912232,-0.0310215792114341,1.35801366187317,-2.30560111817022,1.75148407231418,1.64370653875714,-0.481713588146992,0.476968722441329,0.60628840127817,1.48383447460615,0.892237621846149,0.791608537560835,0.209277420823182,0.42435020298513,0.388422955245974,-0.0725570905512587,0.282643678714281,0.366930885799779,0.111733181103729,0.0993547054219981,293.5,0
135468.0,-3.0336728363481,-2.14986279001915,0.522680690869137,-0.569014019118473,4.61484589243524,-2.91279663036918,-0.100424836551852,-0.223664182495706,-0.24001183077696,-1.4927187434268,-0.588399450495329,0.428702021802375,0.781948838277147,-1.24386870627348,-0.729003857328445,0.0946070417813876,0.113209917766261,-0.038184269539774,-1.10385709408189,0.902393604463597,0.066516317381161,-0.65790541287808,0.151193007284461,0.556477856827331,1.3131916182563,-0.49680945054618,-0.316963226777411,-0.089386018571303,54.02,0
148540.0,1.94223420064105,0.536030766070766,-1.49560537878903,3.50385366476798,1.19666523121275,0.551128469378792,0.397317739769487,0.0589045599731894,-1.2300338360251,1.6517390673266,-0.224274405899062,-0.244244268084833,-1.14975799324012,0.757917551270933,-1.83703563574551,0.680693402242989,-0.863916656783307,-0.0612116102642915,-0.837923183829929,-0.318399738224541,-0.0130202908707478,-0.0663976043255729,0.066281516869856,0.0863080170034759,0.232198857988197,0.0081282739391244,-0.0758243461582117,-0.0705029827747589,11.24,0
62716.0,-1.29044899242717,1.28995207200648,1.98302421022672,0.399587424441198,0.261019649803433,-0.269042314470621,-0.902256215438756,-2.9333310142244,-0.498935279754908,0.318234457778535,1.50560045252074,0.107138136609294,-1.50461312674851,0.613184720997434,0.898168263029833,-0.0427240592206953,-0.155495935392662,0.267058746601328,1.09580455234899,0.867286672385828,-1.52213396984648,-0.250292359471933,-0.856075787803009,0.526904298112403,-0.402729566939694,0.147978343338085,-0.310226249090589,-0.26058227461437,9.86,0
90233.0,2.22213965211147,-0.804845872301915,-1.00906243003356,-0.714828566792185,-0.598078506457183,-0.572234997943355,-0.863683526344871,-0.150388453733302,1.35679248920556,0.442188141280084,-0.195848186473009,-3.96283823007253,0.0709643412331453,1.52105295297987,-0.52191945221003,0.927570312789836,1.08558189438241,-1.03054483215134,0.428237912069222,-0.188056688462032,0.0082796450874743,0.243023695471858,0.216082626395753,0.519992056252967,-0.113759167983775,-0.217359365502427,-0.0548968730888373,-0.0628515937465888,3.95,0
136908.0,1.87862628612833,0.162764966125046,-0.167433194062028,3.46519561922928,0.19733151516461,1.15721165647733,-0.676782835534442,0.473889620412285,-0.386278201878201,1.59210176715444,-0.434178955683869,-0.728119209713338,-1.80368522220277,0.416732107238804,-0.806753439445208,1.81313248729103,-1.35679997096941,0.618755304623445,-1.03061160952907,-0.342723311865419,-0.217427874066708,-0.785738193664338,0.406278802884162,-0.056070567340604,-0.560483905959774,-0.388619576328418,-0.0127174253955682,-0.0384211312110004,5.99,0
145498.0,1.30894151336427,-2.36774758789963,-0.560641327962511,0.582518144088371,-1.36792479602443,1.36150256732908,-1.28790381653715,0.48545686335271,0.503724893009144,1.00809664905512,-1.00333846444268,-1.05004022813827,-1.9062853032433,0.178346899880148,0.455246445224142,-0.0423030926018034,-1.12755205982335,3.24993472307415,-1.02759102030585,0.0581716355629621,0.0738836062467422,-0.196041380100516,-0.142459705202828,-0.465216300101302,-0.517820907191758,-0.606222447024396,0.0215956271236707,0.0368294509935324,396.0,0
26523.0,-18.474867903441,11.5863805198184,-21.4029168131391,6.03851541556808,-14.4511581398683,-4.14652350569915,-14.856123673178,12.4311404723263,-4.05335328722588,-9.04039624894471,5.96620250720685,-8.46396612952571,0.0786921317878341,-9.09253265181295,0.0108220973904713,-7.1863755078292,-13.7974745003699,-4.95849390971089,1.32116655982617,1.5779244011474,1.74113559593371,-1.25113794883836,-0.396219126116475,0.0957055555718895,1.32275094272025,-0.217954564863573,1.62879253147016,0.482248274865402,99.99,1
44734.0,-2.07153235426144,2.17774189191591,0.84847492034028,-0.276364161215852,-0.284198931545305,-0.91397415358223,0.752847273440977,-0.128409954861637,1.20333683909697,1.94181430028943,0.653035836641499,-0.138857764443566,-0.565116940011799,-1.00280469228434,1.3176117032927,-0.273039399898634,0.334203654702644,-0.844007569010558,-0.843567664377824,0.937467244711006,-0.469356995419918,-0.644202373433294,0.164081375375567,0.512837630386542,0.0128507358894863,0.0633542503308818,0.692041695095793,0.347879101648792,8.96,0
129186.0,0.290155157802135,0.0492431315858544,-0.740523666102691,2.86546277005979,1.39529391568643,-0.53516327889219,0.142543369971437,-0.222769707020631,-1.46369065190782,1.71353755281029,-1.12757349175133,-0.708657345883242,0.272186077406343,0.27471029150754,0.235191951820748,-0.463552709186313,0.472995390747944,-0.44789915630515,1.79092414652793,0.247579534584332,0.337348848382748,1.01819057752704,0.303550010776752,0.833886119752574,-1.22230609676666,2.7452606721766,-0.220401600319897,0.168232740494181,7.18,1
92092.0,-1.10847821852891,3.44895257232738,-6.21697180605649,3.02105161812575,-0.529900931709915,-2.55137517507643,-2.00174290819286,1.09243237369483,-0.836098368778531,-4.09564897273592,2.42595071598052,-6.06726194524698,1.83243272022382,-3.50170251648822,-1.00400820464185,-3.5012811030282,-2.941876323532,-1.12574106196719,0.37371480785248,-0.0685983809223332,0.825951491439622,1.14416978988846,0.208559481945769,-0.295497424488562,-0.690232196243341,-0.364749075788586,0.229327220125504,0.208829891689567,18.0,1
147016.0,-3.40764176268474,-2.37071428282103,1.50346771928211,1.65806473037745,2.07898160423943,-1.14505284500818,-1.94878579636739,1.00057580971123,0.120968524551082,-0.402912082110107,-1.62714561485141,-0.398812757885303,-0.627172681275076,0.468611274604805,1.25008992341715,0.296022196959827,-0.1525943326518,0.787053765930113,0.605318006421721,1.03438251714655,0.234862771777678,-0.528881108025022,-0.277941429630092,0.435914356548584,0.367838335952571,-0.548886008852944,0.300510250258797,-0.440459376506394,1.0,0
156710.0,0.202402312000145,1.1762702245705,0.346379123966988,2.88213779866317,1.40713333279049,-0.504354582435915,1.43853746015701,-0.395603478739171,-1.5551416238588,1.08151398923906,-1.51420473629918,-0.97376404264957,-0.709928478785898,0.141331683969234,-1.47031415230732,0.418268345647957,-0.828192503935611,-0.302239423372689,-1.76235002438458,-0.206238791066218,0.242560469143593,0.841230120611063,-0.370156596962237,-0.0260123796205956,0.49195423236033,0.234576263356619,-0.279788418223114,-0.331933388032899,7.59,1
136792.0,-0.331811445886419,0.694966608471357,1.80918535469927,0.957827677167356,-0.159163226611813,0.0689577206445395,0.511544973978642,-0.0329780012040825,0.41808990897071,0.035089465007141,-1.23943090677451,-0.797743566875182,-1.11350617861032,-0.184764845511128,0.700457675960189,-0.360802137267306,-0.222991274364122,0.584749592465026,0.344043975232207,0.176333224292313,0.217308890496021,1.04132770044235,-0.286938253399383,-0.0304139561041184,-0.0555229656269543,-0.315645967253704,0.282604344622816,-0.0010988333080396,34.16,0
93879.0,-13.0865194204794,7.35214833905529,-18.256576111808,10.6485054461688,-11.7314764509112,-3.65916740569145,-14.8736579646075,8.81047267511276,-5.4182040716445,-13.2025771482197,6.35722736343626,-15.5316111795156,0.659694875353275,-11.4123295951252,-2.44757607431839,-9.83374302098841,-18.1746174349071,-7.269904593126,0.623796611777714,-1.37629840858733,2.7611570593153,-0.266161809571132,-0.412860724865388,0.519952215674181,-0.743908960008006,-0.167808225140728,-2.498300252188,-0.711066151912636,30.31,1
2225.0,-0.935094511363636,0.858052267933444,0.644581266284561,-1.30957293332498,2.12386464422886,3.67825401297116,-0.19784642173062,1.08542057565442,-0.198669629426093,-0.0862621665961276,-0.195606039348806,-0.310685337850046,0.0348551326191062,-0.0048657558303493,1.37941021234098,0.737676630048291,-0.989179884876559,0.474117543251907,0.239864380603743,0.401340782812182,-0.167744144473437,-0.501462554838086,-0.227479056301173,1.00266185518439,0.345228226434534,0.284304379056168,0.389217794964298,0.191139633169248,8.99,0
128471.0,0.909123838691231,1.33765782444144,-4.48472766746064,3.24535764512838,-0.417808776149092,-0.762118684149486,-2.5063487752776,0.694163949223675,-0.467555883753771,-4.5652600954372,3.61264534637429,-3.17193661178549,-0.400045818565063,-8.56945415472099,-1.61483120714345,-2.38820756249222,-2.57746443422373,0.0926786705401108,0.0982420128901166,0.445573384128196,0.586829162500182,0.59407754473212,-0.252120311226939,0.325438827876011,0.562765676359647,-0.256278184868886,0.652673806782709,0.319879228007944,67.9,1
149343.0,-2.99486792683315,3.19506306746355,-3.16961498716918,-0.551089201012863,-1.0429295302515,-1.08837072166623,-1.15222172358874,2.42936178000319,-0.293208484281307,-0.857795965134939,-1.56799801448042,1.11830390679546,0.996666489685135,0.439516267120043,-0.440313020069219,1.0189024106903,1.22278314704898,-0.0611481569128201,-0.300996965073622,-0.105791198360566,-0.204341715005685,-0.99733964764772,0.390616783333763,0.370268478730972,-0.0448032126406798,0.140771717435354,-0.223370459719958,-0.0875387457297621,9.99,0
29571.0,1.14862948966171,-0.253774595842896,1.24357499563425,0.315425883774571,-1.08226275356316,-0.207493823540271,-0.688396041247708,0.099464536494202,0.817426858575045,-0.359039218464896,0.050943276664225,0.889086361661352,0.728605298620766,-0.419866403619135,0.873405033739542,-0.106972915855263,0.0962905497152641,-0.702629787738089,-0.548589848542303,-0.0617085987059507,0.138037461990904,0.622679968083159,0.0204701813261655,0.514629823511538,0.164990150864164,0.915882718928129,0.0006768921106217,0.0198927910969993,10.25,0
158694.0,-1.10948325875238,1.06134086266406,1.48407167748251,0.923891256257075,-0.137718209894275,0.816640491862471,0.0142520783698805,0.938303196486184,-0.125828808505396,-0.52197446700684,-0.0502681664028309,0.0103986002275144,-2.18900037423447,0.558349763228948,-1.25279047241135,-0.54093252417595,0.439811747697315,0.118467627522394,1.54644618762417,-0.0131264733021685,-0.479950643201756,-1.36963167303513,-0.0206178917761811,0.578319092658832,0.329709247924206,-0.825568071221381,0.209438853309411,0.0687942442531457,24.48,0
64412.0,-1.34804164426498,2.52282067569291,-0.782432259389823,4.08304665188122,-0.662280329645865,-0.598775712530929,-1.94355185121781,-0.329578950885032,-1.85327422572214,-3.16213595485783,1.53319383793753,-4.63512694781183,-1.11357273401976,-6.4358707376348,-0.293191947937035,-2.84993079536978,-3.65425828769231,-1.18303413658687,0.831623853010765,0.348896285038196,1.07987140816824,-0.352026410347836,-0.218357652796912,0.125865683985355,-0.0741801756408069,0.17911552652805,0.612579819202836,0.234206089600607,1.0,1
155359.0,-1.067713272294,5.26231210944906,-8.4385670664835,7.31648729995658,0.0082535729164869,-2.12593631959976,-3.3070357352934,1.86983752340028,-4.52258362448849,-5.17281182346005,5.59112619350265,-5.64041745782421,0.784510038605689,-12.0438056158463,0.353814874886981,-1.92055816814255,-1.87992827944447,0.679751299229409,0.797641375455208,0.821404548671474,0.547789786518153,-0.491959821843257,0.0559141341245579,-1.14536853471475,0.0689513455242996,0.535054734945035,0.539263072143882,0.124255055772618,0.77,1
123255.0,0.068175429065408,0.771133929652229,-0.119318049080124,-0.937382522875018,0.941959774868334,-0.21608824426359,0.88838941894715,0.0113376986175708,-0.215579808690864,-0.23922268303474,-0.16211413209546,0.419962066037121,-0.0253790212022604,0.273899986325409,-1.01474557160596,0.407196040385902,-1.02278091505385,0.0966475542115259,0.590061444029104,0.0033195083555486,-0.275677137215487,-0.657512934688359,-0.0605459995113305,-1.04784362744664,-0.386526069220828,0.184399595432922,0.240177841497118,0.0768315047860743,5.99,0
74491.0,1.04706023653439,-0.824991105991026,-0.169805219115246,-0.661053387803648,-0.670236072326931,-0.661437873891791,0.119748153549018,-0.284072690156524,-1.5747869289611,0.721028012780427,1.25036427092837,1.25000978043854,1.61653086706906,0.231287308440052,-0.0971595922401579,-1.13267250094775,-0.384672572468799,0.813663407401211,-0.133993561243034,-0.0110761639952108,-0.652612068418484,-1.84246459282966,0.0650274278905886,0.0249494430877088,-0.0181556579456276,0.603149393520512,-0.104639933472847,0.0289890481799382,186.5,0
78366.0,1.12427341612871,0.218520571035209,0.627085507985524,1.5188026980265,-0.405821732331302,-0.483226236358837,0.0830653623026268,-0.0507831677150084,0.25106086208992,-0.12684260131863,-0.0574065527375423,0.716375562377375,-0.202744476693986,0.093797852091135,-0.13494864755461,-0.878941387008365,0.455670456108042,-1.15389585729587,-0.568700182804766,-0.202857658147936,-0.0656553833718284,0.0423886084232193,0.0020906477363759,0.62789265120892,0.592413712187333,-0.346013589020341,0.0404110952137051,0.0217551812960129,9.99,0
129668.0,0.753356012421118,2.28498795250353,-5.16449200355315,3.8311119987993,-0.0736224923058734,-1.31659594586445,-1.85549544374527,0.83107909886574,-1.56751414502076,-3.22455914814995,3.36955824955852,-3.46854525803227,-1.38357106785405,-6.0205789709702,0.309601855257659,-2.61776696028245,-1.31075238207209,0.409659909693325,2.36229077589933,0.285792259895482,0.382006845522224,0.0339580452530082,0.187696850240103,0.358433465751075,-0.488933827051834,-0.258802387138951,0.296145453458912,-0.0471736659782491,2.0,1
78859.0,-2.86367438686383,-2.25692711494197,1.41495042714938,1.24030302706616,-0.0523138026826688,-1.6401714415108,-0.450649438154874,0.57302652036799,-0.028808956789537,-0.899169507535224,-0.523584343368053,0.156627712615241,-0.241248196224153,0.434001984347942,0.77966944899347,0.872997442165502,-0.586335625714611,0.55712036657798,-1.57329481774189,0.936233858363353,0.711581541860566,0.590870351559107,0.690838446401041,0.885514662127793,-0.745346183050061,-0.68372739336996,0.0547299893290473,-0.205537946907541,265.0,0
78727.0,1.32059411653665,0.261832491790273,0.171960234212512,0.419470657582736,-0.0318733652054524,-0.502996297524031,0.0736357470345659,-0.177151846034247,0.0350182202611164,-0.077347873582232,-0.889313101260947,0.329848598280745,0.9076188822898,0.100190740537248,1.04414144282864,0.526201555487021,-0.753140164353092,-0.323743520275014,0.19406791598655,-0.0385681086675607,-0.307716833296828,-0.861960354118639,0.0279763181221317,-0.448145168561259,0.344564587315711,0.145125672941806,-0.0271454753971333,0.0113905929586302,1.29,0
8528.0,0.447395553302475,2.48195386638743,-5.66081393141405,4.4559228120932,-2.4437797540431,-2.18504026247234,-4.71614294470093,1.24980325173147,-0.718326066573691,-5.3903302556601,6.45418752494833,-8.48534657377678,0.635281408794591,-7.01990155916612,0.53981407134798,-4.6498642988132,-6.2883575087823,-1.33931232244731,2.26298478762517,0.549612970886705,0.756052550277073,0.140167768675,0.665411100673545,0.131463791724986,-1.90821741154788,0.334807598686864,0.748534284767756,0.175413794422896,1.0,1
149615.0,-0.573725023876096,0.587864961499142,-0.0646974525453012,-0.668310804153811,1.16141440962207,-0.874648714549968,1.04911349619459,-0.316849048401938,-0.0533768467177143,-0.483815673449491,-1.04809253856702,-0.0153599386950601,-0.0798387436962593,0.287670824862735,0.0094029282617569,-0.66788598525327,-0.20610314825894,-0.416327654827873,0.749089719056852,-0.207239089340563,-0.0457833593722318,-0.0022711486280948,0.131043958113211,0.679102960569154,-0.381446471657262,-0.135036391520079,-0.0882546123568272,0.201816251858481,1.0,0
168336.0,-1.4721530088577,1.87629452795422,-1.95736657693748,-0.953034246481638,0.827559560669988,-0.962069604726109,1.5291731087434,-0.0473533943776792,-0.460806139177884,-0.921072002322482,-1.07071235702595,-0.115449318133094,0.152503712577184,-0.774267473328132,-0.877412760636112,0.235165722728739,0.624927849918502,-0.0535820926959568,-0.641182787942938,-0.532923255651512,0.130610899040088,0.240078603617694,-0.330105503514066,0.45020608060795,0.562399081494588,0.495342160040331,-1.24809451060177,-0.307360369788222,85.25,0
144808.0,-2.40520709191687,2.94382338959853,-7.61665422068905,3.53337387196109,-5.4174936280787,-0.112631914902059,-1.32937156302318,1.70941680752813,-2.32271560874193,-6.54098852025393,4.4045784815908,-4.93815929027047,-0.740984640079332,-7.46296062676276,0.534967659651097,-4.67103153190135,-4.47240325411649,-0.982089900241056,3.49006859270908,-0.338706731161814,0.652683371514066,0.414132296621078,0.0238690731255201,-0.260616387490787,0.405316462428397,0.0291067415861135,0.519806551904182,-0.469537113503405,667.55,1
48839.0,-0.372223956773281,0.850923799160989,0.819147794425703,-0.59750748065132,0.941463888062505,0.866622341729293,0.42940921226725,0.376960263904828,-0.414962295051532,-0.159480733491949,-0.165753364523923,-0.285777757601803,-0.597990865690061,0.427623895074231,0.616276355112187,0.64485888153706,-0.946396559865306,0.358459074357536,0.602134569018581,0.0747093801575396,-0.273043765091902,-0.753344105651965,-0.213050948239013,-1.75226834782063,-0.0952161988450346,0.193436759212338,0.270996772375054,0.0879038277119837,1.29,0
140712.0,-1.362505230647,0.526896865748333,-2.32236754117156,4.53501715118158,-4.14908169104215,4.24617051472462,6.05943949226313,-0.359514170447796,-2.81081997460921,0.783086371112481,-0.132633636533238,-0.792288516061964,-0.29349590073266,0.925989800361541,-0.587026493413053,0.215287468152573,-0.0271098729425639,0.683793978208302,1.75837708243875,0.4108381399187,0.050814158256968,0.402784993029007,0.876518279304481,0.215991451944717,-0.23841133855027,0.383977121677729,0.693563754602656,-0.117194278226506,1302.31,0
62330.0,1.14086473658976,1.22131743135767,-1.45295546048243,2.06757505760281,0.854742052227546,-0.981222507744598,0.325713913670098,-0.0377214068783676,0.113219371615132,-2.12697274994354,0.915947028928619,-0.468571538051367,-0.523377293666349,-4.86186658087283,0.421013353871263,0.866440624739209,4.08248488419359,1.1963181517001,-1.10076358353881,-0.0677120411898438,-0.377597095255037,-0.79345965987036,-0.132333171548173,-0.33158626897425,0.664877856718148,-0.309312434134138,0.099941947375597,0.122988311929089,1.0,1
125745.0,-1.07493343362388,-0.528824220399072,1.95839106560832,-1.38963826576239,-0.719889717300169,-0.144228637492532,0.375971886958749,0.13420549334747,-1.42569063825489,-0.113436556173279,0.570276349551717,0.121002694028914,-0.168773611102259,-0.0049781124615776,-0.517835388235096,-0.952352862185786,-0.422569566138085,1.58422902126623,-0.503175954058278,-0.0429867353200784,-0.455558185834275,-1.28163664311065,0.305586466684902,-0.0027062587547419,0.0539981767352713,0.341092031369747,-0.0560377318313254,0.0693258561101508,159.95,0
42705.0,1.00655626533912,-1.32475102922848,1.03048449225252,-0.466595296186843,-1.33128527870304,0.95175178553779,-1.26776454808597,0.475024198590424,-0.0734578819321076,0.426603768494376,1.26471242301504,0.376910236779937,-0.534633457435728,-0.542451571365386,-0.809011670377028,0.379964482916897,1.03488709766302,-1.87439404157906,0.448786206566403,0.179071058184089,0.168533522802199,0.433933701426191,-0.0328368606044255,-0.265112332604734,0.150466893712344,-0.211871298156425,0.0604004340488159,0.0256019596266761,115.33,0
40919.0,-2.74048250153169,3.65809481979987,-4.11063552027473,5.34024166876747,-2.66677476000958,-0.0927818149405728,-4.38869880914515,-0.280132705503576,-2.82189458229917,-4.46628416302479,3.96979981229186,-7.34671678644283,-1.16331176961366,-8.22556891234807,0.82500183194645,-6.77286703365235,-8.81578542555918,-4.56885928410549,1.12659865645629,0.185325269832133,2.41749541196206,-0.0977119508973041,0.382154506973307,-0.154756519767143,-0.40395592644091,0.277894930235294,0.830061638644528,0.218690442242457,112.33,1
13126.0,-2.88004235163471,5.22544230971559,-11.0633302799459,6.68995065770063,-5.7599239886738,-2.24403079081521,-11.1999752166959,4.01472180864313,-3.42930426351801,-11.5619497720699,10.446846814514,-15.4790524832016,0.734441608104148,-13.8837785491112,0.821439545395249,-11.911483017197,-18.1030037037729,-6.83783453880068,3.12692935212663,1.19144396640797,2.00288287701632,0.351102064721284,0.79525514045211,-0.778379381413672,-1.64681511254223,0.487538823287331,1.42771309550336,0.583172486219188,1.0,1
85285.0,-7.03030814445441,3.42199090467553,-9.52507177254752,5.27089100906596,-4.02463027558805,-2.86568161775739,-6.98919473439446,3.79155093755913,-4.62273033596451,-8.40966487562735,6.30904400603177,-8.57676143258937,0.246746716929862,-11.5340460181508,-0.3642651387587,-5.45249465771382,-11.8875700201872,-3.56358481007011,0.876018768156628,0.545698040621445,1.10339774484256,-0.541854751589521,0.0369432219896495,-0.355519004066217,0.353634382097,1.04245799282131,1.35951563156376,-0.272188101257294,0.0,1
25231.0,-16.5986647432584,10.5417508026636,-19.8189818085279,6.0172946473619,-13.0259010501237,-4.12877900260013,-14.1188648469369,11.1611439952369,-4.09955143059712,-9.22282550730978,6.32936467621872,-8.95219071159749,-0.138363691274054,-9.82505442102721,0.0572235922374037,-7.54168742379503,-14.2595985921417,-5.03505152375192,1.43226792970939,1.53491982113512,1.72585282658181,-1.15160577552799,-0.680051901875725,0.108175914514646,1.06687834149611,-0.233720431391328,1.70752055210726,0.51142316911239,99.99,1
124714.0,2.0561222962775,0.116380113324459,-2.76730974355274,0.174516930886097,1.03197185424934,-0.872209517902161,0.566371678190764,-0.236334100299046,-0.0723081892187735,-0.0657037506761228,0.67867213867835,-0.340936900723751,-1.49786261023102,-0.0179275704759723,-0.0683338962193626,0.481807664700166,0.224911919453652,0.719712756444103,0.289674089811201,-0.162812868785051,0.0262450825741396,-0.0164597304331192,-0.0347233175354145,0.116318323676009,0.238478421105677,0.596444466780242,-0.125847578222379,-0.0605935259530108,35.0,0
31248.0,-1.00711561251377,1.12129675647092,1.42457804433595,0.933533525319596,-0.458775117166684,-0.627907281226729,-0.0918701153518051,0.426148320297883,-0.326420500087852,-0.175658923983095,-0.656092109532464,0.122671049625589,0.35602798724261,0.300925281903511,1.32070121951395,0.114770210934365,-0.195006717384647,0.473203733955873,0.214775747241107,0.0464922717779439,0.26532242832808,0.768457472892756,-0.048810932207647,0.406977030425289,-0.22635710601079,-0.278781587032025,0.183325706394311,0.153882874399824,2.34,0
76511.0,-0.793553380683773,-0.597869743787661,1.54363924236028,-2.34688122868011,-1.57763077991604,-0.696791901797187,0.145235500517002,-0.253136438597939,-2.0445820056064,0.917889321231309,-0.759243965153676,-1.50309375527881,-0.199148747436718,-0.480814261610365,0.205079091822656,0.045624502663053,0.155683783422955,0.0797351133162273,-0.779463783364712,-0.548225879846347,-0.29919992640634,-0.536743408391574,0.1091185800283,0.323353342865687,-0.456175854340053,-0.614729297303201,-0.0471748067990066,0.147717662845307,150.6,0
42474.0,-3.84300903438536,3.37511020399082,-5.49289319668564,6.13637764344382,2.79719546082743,-2.64616226518954,-1.66893106391951,-2.61755205155675,-3.94584260288362,-4.56525209408734,4.09721607443527,-5.4509164388957,-0.965692752165388,-10.9044588731508,0.526947764497797,-1.13975413041553,0.835639563488731,0.389774231161906,-1.43960797610281,0.0547955667305956,-1.2778115827927,0.719652000906672,0.451125175067876,-0.25809365058648,0.656129466667281,0.556676326289228,0.739383212515096,-0.203049673816441,1.0,1
132532.0,0.056067794157135,0.244435510736881,-0.389539292537839,-0.904298995123164,1.7454338738928,1.30817006644065,0.534540189951616,0.436459336430742,-0.310679770576764,-0.530109604172812,1.00288848229627,1.1436576929739,0.255788547580143,0.302693775998352,-0.567836830128523,-0.836437676888599,0.108478134682908,-1.57713109734626,-0.743096831618794,-0.159097774158666,-0.0147105728169195,0.0521685182662809,0.24178886803016,-0.714882192530225,-0.916523993660824,0.211293657115555,0.0587392806632433,0.0300619571210847,19.58,0
59777.0,-8.25711081724667,-4.81446073955621,-5.36530689032661,1.20422986423394,-3.3474200965739,-1.33160147516446,-1.96789279857039,1.29543781710486,-1.67441524280437,-3.42605225253339,0.144562690111297,-4.28352931016896,-0.24089504151477,-3.65749040377527,0.923104767832095,0.844221069436753,-3.94831185243281,-1.8075159915996,0.105878827218844,-1.23398725720348,0.436390207477188,-0.077552722802211,-3.09162435615504,-0.390200885685448,-0.288688941339997,-0.340004217403437,0.0398191045440342,-1.00790031022705,319.2,1
142526.0,-2.02855817391542,-0.549851380432909,-1.81489342249255,0.109011834144889,-2.95443653037285,0.726981943880389,3.90336907643157,-0.521307063705162,-0.072254951330632,-0.886178808646561,-1.06724669843302,-0.635483288720321,-0.655537254383639,0.746687630257104,0.929236905296912,0.140649647156103,-0.3702858196865,0.306182781290671,-0.0193975811520728,-0.61498390792248,0.163700163363672,1.12317129117856,-0.285828437351222,0.029966731184768,-0.456725580171402,-0.137160047949369,0.700465102791334,-0.159583764988829,854.41,0
152242.0,1.95139112312187,-0.475946375576324,-0.922825198529786,0.75150606103376,-0.402423743311213,-0.0074239891208542,-0.741208703736895,0.135559341491692,1.730986923105,-0.594035674949431,-1.39903735725444,-0.22178911702025,-0.880524213073593,-1.64845125868081,-0.675778733797023,0.200665518131093,0.843691274225528,0.535285968603546,-0.0185544150810706,-0.164938311810031,0.125633474987301,0.694279026885418,0.0085006725835118,0.556781467035777,0.0101687595441711,0.751205460624228,-0.0112809432882402,-0.0221459016453214,27.43,0
7526.0,0.0084303648955825,4.13783683497998,-6.24069657194744,6.6757321631344,0.768307024571449,-3.35305954788994,-1.63173467271809,0.15461244822474,-2.79589246446281,-6.18789062970647,5.66439470857116,-9.85448482287037,-0.306166658250084,-10.6911962118171,-0.638498192673322,-2.04197379107768,-1.12905587703585,0.116452521226364,-1.93466573889727,0.488378221134715,0.36451420978479,-0.608057133838703,-0.539527941820093,0.128939982991813,1.48848121006868,0.50796267782385,0.735821636119662,0.513573740679437,1.0,1
30362.0,-0.776399502831048,0.251566642586828,2.04154096294991,-0.106262693774593,0.587573616548982,-0.340307038547586,0.735723334900071,-0.233847580950103,-0.262963569178904,0.181989621179109,1.64375274416533,-0.0904599246907761,-1.43105531845211,0.233424648411605,0.602787183776555,-0.0832066392326174,-0.427188185896791,-0.243589927242303,-0.018556522870494,-0.0260938171752194,-0.183454662630376,-0.307232099869188,0.176762885847257,0.171304591766046,-0.502356876183823,-0.0092879276520014,-0.373685699008304,-0.336029938987546,4.49,0
130582.0,1.64608306858193,-0.50593133510174,-1.87726424460927,0.386363042998473,0.213192294824312,-0.429238102341227,0.212633907194431,-0.0949988809832237,0.658752810390013,-0.776676120699045,1.35335733866657,1.24867539139833,0.291349371950022,-1.31303793482249,-0.773876926631992,0.134641774088693,0.850266718625315,0.420744833764825,0.285312761701194,0.228347690912858,-0.0832982613909743,-0.408486963130146,0.0628547626616452,0.609871010343995,-0.140959830429852,-0.158748546647005,-0.0415333120760319,0.0063026544169323,181.54,0
7519.0,1.23423504613468,3.0197404207034,-4.30459688479665,4.73279513041887,3.62420083055386,-1.35774566315358,1.71344498787235,-0.496358487073991,-1.28285782036322,-2.44746925511151,2.10134386504854,-4.6096283906446,1.46437762476188,-6.07933719308005,-0.339237372732577,2.58185095378146,6.73938438478335,3.04249317830411,-2.72185312222835,0.0090608363953452,-0.37906830709218,-0.704181032215427,-0.656804756348389,-1.63265295692929,1.48890144838237,0.566797273468934,-0.0100162234965625,0.146792734916988,1.0,1
133731.0,1.17663267315551,3.14191813880044,-6.14044483643302,5.5218205893507,1.76851488910857,-1.72718569844821,-0.932428910444584,0.292796545267059,-3.15682655843537,-3.89824038104731,4.77672033006624,-4.15249885001879,-0.472990802974345,-10.2588514782991,-0.533455591604466,0.458138563036142,0.167601789076859,1.4043108943267,-1.87401526330162,0.329567972643983,0.1293716296303,-0.803020814325114,-0.0740983557012839,-0.0310844052836625,0.375366225335466,0.0658967838964971,0.488257738746484,0.325871630319106,0.0,1
93860.0,-10.8502815883108,6.72746568826853,-16.760583409542,8.42583167857118,-10.2526968683093,-4.19217104406337,-14.0770860104531,7.16828793346092,-3.68324217370244,-15.2399619587112,8.03070840755191,-16.0603057628826,0.270529742348469,-14.9529810390579,-0.241094883743813,-11.866730636746,-15.4869899240937,-5.74865155747378,4.1300314273319,-0.646818272966729,2.5416369467068,0.135534921100722,-1.02396689219897,0.40626452579196,0.106592778669641,-0.0262323892202069,-1.46463002356247,-0.411681819907858,78.0,1
152497.0,-0.346860724043953,0.51296622179029,1.43841358354,-0.628746722954039,0.854473079997031,0.405826886392417,0.678573698960314,-0.145804871247666,0.1958945685504,-0.747674980656829,-1.30483193353573,0.496869791127345,1.65057967403081,-0.653290145403313,0.539387275449831,0.0524692648099573,-0.893758319621302,0.1108991405396,0.652658620560829,0.252673904050619,-0.182795778044346,-0.316181473877592,-0.119161504483894,0.0329350142298147,-0.168227734642849,-0.554489345484722,-0.0131178011514935,-0.0684124459388601,29.99,0
128978.0,-1.44578368436804,-1.17816839959831,-0.748131992258718,-0.876897953679883,0.339647566371466,-0.333047564624024,0.0453876964138292,0.528629004471865,-1.2758446663134,0.247475892873371,-0.198873094517977,-0.181111490901106,-0.664506232980163,0.910034440654819,-0.292847850721656,-1.54230476512373,-0.231161665405307,2.40919690532258,-0.338036327256213,0.213559737733959,0.30273727468031,0.665328882411626,0.261377698925633,0.262722141243296,-0.336683423915309,-0.0897908936655203,0.305151106897392,0.0390936445135092,190.0,0
59466.0,-1.10621960160903,0.518590245062512,1.94161489105773,-0.576046577869525,-2.2329114080124,-0.649173102309175,-1.28771922974373,0.812498239529377,-1.37025096643472,-0.0282665321660302,-0.319796844290461,0.665910961006313,1.83539748884882,-0.0854909740815717,1.34340295638759,-0.984701088234543,0.36373324631439,1.61482474556651,-0.554078848339539,-0.48864703234129,0.0900782476214589,0.539663550392363,0.0833042180060942,1.00083329052992,-0.808759135987791,1.09705264072631,-0.207134119901099,-0.0101528378812146,25.43,0
41505.0,-16.5265065691231,8.58497179585822,-18.6498531851945,9.50559351508723,-13.7938185270957,-2.83240429939747,-16.701694296045,7.51734390370987,-8.50705863675898,-14.1101844415457,5.29923634963938,-10.8340064814734,1.67112025332681,-9.37385858364976,0.360805641631617,-9.89924654080666,-19.2362923697613,-8.39855199494575,3.10173536885404,-1.51492343527852,1.19073869481428,-1.12767000902061,-2.3585787697881,0.673461328987237,-1.4136996745882,-0.46276236139933,-2.01857524875161,-1.04280416970881,364.19,1
56232.0,-0.996747754534012,-0.9052185863629,1.23925784207182,-1.5005817493544,0.519931511890093,-1.37444897539432,-0.206452019923245,0.0460705847091231,-1.34276569972504,0.12994048371389,0.847017461058709,-0.362233385465334,-0.855198489663086,-0.0017613488447258,-1.52737514120986,0.975271100043186,0.120489155541122,-0.989520095890304,0.395759077807869,0.26686039188097,0.344973883712442,0.567463832618104,-0.107300804720971,0.337969062446688,0.571105040559017,-0.238271285062277,-0.0725840316249007,0.0013627898343759,34.0,0
130011.0,-0.360263985592638,0.984553459589527,-1.07394966896448,-0.57802509033536,1.01361453723078,-0.504187037710163,0.622322386685837,0.361400684711063,-0.236292803342391,-1.09743965708695,-1.26817154795477,0.0799223259266958,0.583576865286476,-0.795583886857384,-0.218482157809847,0.561557777989382,0.348010680563174,-0.0976130169495792,-0.0888214282693566,0.0801854420512883,-0.291267852493186,-0.923965819318439,0.151627131318836,-0.0706428734689918,-0.306022825800564,0.153114313406145,0.0945212404694918,-0.0145601988563303,35.99,0
59548.0,1.0511592097273,0.417641181730083,0.912938685641042,2.73404116339629,-0.197777517237928,0.0482855616352908,0.0698371772239006,0.019525978429233,-0.50356505688905,0.458470337606574,-0.237929057262005,0.808918498636519,0.663468395001225,-0.176647486338236,-0.567949893979855,-0.245382748569908,0.145325826720604,-1.32377208964148,-1.08004604130798,-0.113151439411131,-0.14994397960632,-0.286624891477441,0.0602008941092868,0.407959074115969,0.395676611692794,-0.0870844888970817,0.0199301925366864,0.028214479766685,28.91,0
12095.0,-4.72771265581559,3.04446910225824,-5.59835426695611,5.92819080241929,-2.19076972938784,-1.52932296564747,-4.48742195988547,0.916391814103266,-1.3070104231933,-4.13889121357616,5.14940878300581,-11.1240186070579,0.543067765541171,-7.84094220494304,0.743633944785042,-6.77706923974191,-9.93176515376766,-4.09302112201074,1.50492485905709,-0.207759445103882,0.650988236282379,0.254983288954681,0.628843468802127,-0.23812845429317,-0.671332331960485,-0.0335900627800998,-1.33177732223058,0.705697590023144,30.39,1
123365.0,2.05517589688455,0.127911528619038,-1.7527147354282,0.521439725722105,0.122836566279735,-1.42801670232951,0.181150452701278,-0.302415034457351,0.763163193713836,-0.446857692829151,-0.551701876958428,-0.531621692252105,-1.10860062034773,-0.505958778962973,1.0722490460231,0.216475725883087,0.490944513098132,0.569968155118252,-0.469945946618609,-0.28458291636036,0.183209587349601,0.661671247328724,-0.007855384527649,-0.178054272191498,0.210448303008739,-0.0900878752769147,-0.0062978139360967,-0.0350159263705916,2.1,0
32332.0,1.29154189133783,-0.246985831771456,-0.985352170557257,-0.290187213823427,1.88892680801771,3.65538631639049,-0.723618426123142,0.902225714064821,0.497117596888653,-0.148281842743023,-0.571554861459226,0.260045304319574,-0.184213436093522,-0.0371594496015932,-0.205437362416561,-0.036942637957897,-0.406017757867483,-0.11132683125578,0.561828044217255,-0.0156780867089491,-0.146071571663992,-0.313794935553232,-0.11825563189992,1.06276230860124,0.745155040007758,0.454325558868273,-0.0129357268292209,0.0029660595735281,1.0,0
40662.0,-4.44684654752268,-0.0147931576652609,-5.12630699550863,6.94512997633611,5.26925534782033,-4.29717716297717,-2.59124168468427,0.342670615268881,-3.88066304488519,-3.97652513857503,5.73008435556377,-5.03186814827248,-1.13543910933334,-10.7870505700202,0.265456230525684,-1.10421746262461,0.636412737308571,0.994101368746143,-0.688720555143152,-0.108006422684084,0.247912823388783,-0.0495861794607239,-0.226016961592253,-0.401235601042542,0.856123603036307,0.661272426708284,0.492559738814261,0.971834350005126,1.0,1
58067.0,-0.264868683737295,3.38613996883911,-3.4549969895002,4.36762905773351,3.33606042827178,-2.05391842272465,0.256890458421417,-2.95723544083265,-2.8557972336327,-2.8084555425423,1.84750351109611,-2.4148223375383,-2.57322454244165,-6.5991261303635,0.123470382678038,2.57237180761341,6.60936580903842,2.53066979960508,-3.60265725092653,0.482513022122587,-1.39450379366468,-0.166029306744804,-1.45208118338289,-0.251814670710545,1.24346054282121,0.45278677690471,0.13221807596169,0.42459946550375,1.0,1
154012.0,-0.760899459540205,1.02180984059124,-3.02171080952549,-0.186287108540414,-0.863897836082492,-1.13148196328486,2.66580756144225,-0.0245000907752801,-0.783857898653069,-0.59207506264413,-1.4998213038272,-0.275244840768447,-0.765807315301455,1.47713285761434,-0.898033502044962,-0.438038789557128,-0.0012733889073886,-0.30953746942465,-0.315391697847707,-0.360636326368618,0.536251188839839,1.61110860224686,0.384100388879874,0.131998712835037,-1.07870616554116,0.387616606196639,0.29118164593457,0.106049147773398,375.33,0
131014.0,-3.36988218477876,0.127039874382637,0.545900323367744,1.76649489063414,-1.68430049807397,0.0413467000165542,-2.43585304351613,2.00967382902176,1.00446705597876,-0.696618165470854,-2.31731456191977,0.272509962867208,-0.865087673908218,0.487508308821519,-0.145348836178532,0.263949544124536,0.720655882003415,0.794798177919452,0.485119553865512,-0.700143528375731,0.364599774182287,0.865991519674843,-0.795154212869498,0.0544874792173488,-0.666481285316492,-0.430843989489123,-0.220002562668518,-0.380910149835011,1.0,0
93888.0,-10.0406314557065,6.1391827154247,-12.9729718943545,7.74055544506762,-8.68470452840193,-3.83742916671056,-11.9077019040753,5.83327300056002,-5.73105424359056,-12.4389449056023,6.98988561330738,-16.218610393127,0.25330336584704,-8.72864506518152,-0.147529091109699,-14.1298545174931,-20.6850275533272,-8.48444905730181,4.85125513655685,-0.0822752254211996,2.82343143164188,1.15300501339169,-0.567342849673059,0.843011621641402,0.549937644887907,0.113891875585392,-0.30737499959267,0.0616306406149363,1.0,1
48884.0,-2.13905055735992,1.39436766175691,-0.612034894995233,1.04932705568948,-1.1621019076536,-0.768219363115428,-1.99723740081007,0.574996543366778,-0.98083177624058,-2.49561924548174,2.5555891530874,-3.53043627008024,-1.01623381526368,-3.45519657744236,-0.0563633864076254,-2.46773703008032,-7.14032596614864,-1.27128002161365,-0.0017219235416342,0.0254265126136498,0.696954881120808,0.740003045389771,-0.15511524943514,-0.0506074460808317,0.268368293338874,-0.469432841163864,-0.405813768055179,-0.152170846988601,19.73,1
117041.0,2.00508204520514,-0.279646178826694,-0.323555237718922,0.135759856414825,-0.599046744947659,-0.70416310912998,-0.39185056190235,-0.16837391118799,1.13965694446135,-0.247246237971954,-0.683605353066993,1.17137355569824,1.43847502447035,-0.326500759096277,0.546847370931075,0.19377718092704,-0.628324418463528,-0.387211310061,0.0771169526349892,-0.116149763964051,-0.186398831525667,-0.327672331574121,0.351873597535127,-0.100185956957003,-0.438798880398624,-0.281636004487227,0.0172366562048252,-0.0340873158930379,10.0,0
151189.0,-0.343692704529582,0.143938799568662,-0.279014324272052,-2.32547366823252,0.883745798868556,-1.9454245387827,1.28555841609386,-0.467390058122753,0.660740658552881,-1.62003480398108,-0.905947401278861,0.458816397517009,-0.213201194018667,0.437535294650895,-0.218857621325094,-1.41702041862836,0.061687147884734,-0.427899289569384,0.952707021468259,-0.013138851402656,0.156008159974862,0.552981417881629,-0.178108791247918,0.108976538290797,-0.007074423120204,-0.224096707531695,0.127131407899483,0.177676548889087,29.62,0
141276.0,2.10821219580883,-0.341746256777738,-1.62143592988353,-0.135108502454328,0.425372274878774,0.052023552475509,-0.121765482266712,-0.051605013560641,0.997458887526311,-0.0221425719582155,-0.599833848121005,0.720267481280159,-0.0643086659911633,0.183111641035438,-1.03061995370619,-0.055205494688465,-0.787110383545855,0.509445479999504,1.07962567305395,-0.206127331162951,0.0378834062878338,0.418323179811422,-0.142228808466986,-1.32630828809036,0.350723945447587,0.260524147786813,-0.0316882020918222,-0.0872960808564764,1.0,0
77735.0,1.19097440978786,0.249528152169189,0.248652771985733,1.07989967487424,-0.152728705075974,-0.512909469408476,0.0987824275111298,-0.0554380055952743,0.0865092707273032,-0.0104479837903704,-0.293482408492093,-0.106161917041376,-0.736189436525821,0.560919290206296,1.25052296777683,-0.209565150670496,-0.106500892596664,-0.512201599589606,-0.726031998745655,-0.211354093829241,0.0499511528130631,0.179999791067878,-0.0652271341128141,0.0671957962950704,0.588733093385278,-0.296862222335888,0.0246084401677483,0.0162916358240343,9.36,0
154010.0,2.02805762089712,-0.160930356658074,-1.22535593238074,0.206775863082442,0.105880430006944,-0.581633325687035,0.0437430725201264,-0.119474446473603,0.356057796050037,0.241270983223678,0.596037947432904,0.843574147569076,-0.277537060795561,0.519397724232319,-0.547690424642532,0.164883684907053,-0.608813606971817,-0.292197034998924,0.514603926627489,-0.216532994357642,-0.258400483431016,-0.665810259518833,0.28435372894382,-0.474677267295867,-0.303232365666035,0.208856064902328,-0.0750273806268582,-0.0744851039453181,7.14,0
60549.0,1.35935018707308,-0.492090734740274,-0.23590262558199,-0.808921744748455,-0.514156804338101,-0.636623201497775,-0.303369392131905,-0.0436410668645587,-1.20077989770573,0.852327942696159,1.44600306141169,-0.600085435045803,-1.40634840432604,0.622714265768099,0.130923182707492,0.698503861027553,0.515435954170505,-1.37893130555081,0.576788357024987,-0.043755520125671,0.253900381357249,0.593100172291444,-0.131320682961805,0.0344455324975625,0.642035532750329,-0.0683384015031992,-0.0257841588942246,-0.0144130106762717,15.0,0
129741.0,-1.39620432643506,2.618584398377,-6.0367702713295,3.55245370976796,1.0300913064513,-2.95035827245882,-1.52850574519993,0.189319000841056,-1.43355448519874,-5.56914249554635,3.27754628526759,-5.89693656310926,-1.27710175970119,-11.2218047709786,0.326026786021776,-2.49734111017829,-1.58833565600268,0.120289372543204,0.170143879416802,0.0317945560061884,0.14317682159778,-0.390175928835842,0.35602946330105,-0.762351548983177,0.0965103406932942,-0.487861395288973,0.0626546228071552,-0.240732349240766,1.0,1
67465.0,0.89858248438161,-1.82690892923899,0.164170834282984,-0.639092574033187,-1.05363065024293,1.05677119565533,-0.95884060589687,0.289328540396429,0.0943569388726317,0.45317369683963,-0.800455461385011,-0.575493832478124,-0.562885757232775,-0.586791994584772,-1.12345939237655,1.51606589636427,-0.129352783373349,-0.320654253379815,1.77515690334144,0.608262395085085,0.0934476987090107,-0.23672444809317,-0.446090042633095,-1.36718195495178,0.455321067242121,-0.180725156223106,-0.0087757435495541,0.0426942918158577,279.43,0
133247.0,0.0909260709989345,0.251605946849522,-1.93560496201675,-0.800225968420123,1.84251946170484,-1.6438308079205,1.97527090787198,-0.66741861741337,-0.568470403493725,-0.550759131219306,-0.956734457114632,0.671261688301325,1.13168265114483,0.567630050921163,-0.935965976331737,-1.03802413816541,-0.417815103504144,-0.498130487998528,-0.135197161054191,0.153891684058681,0.630938226834113,1.76593729984101,0.221998025445719,0.851266828675793,-1.01310328856442,0.0518512195349016,0.232737806229514,0.3475520390979,107.0,0
42407.0,1.30803639402821,-0.0579888963238361,-0.977681028923475,-0.550512981305654,1.96038746456034,3.32881564677155,-0.60851006057111,0.840708899329112,0.0127143932635661,-0.0162278045053507,-0.0333947095562246,0.101089645233713,0.0535704631166711,0.373277835667333,1.24895314740393,0.690316554642851,-0.919655477934827,-0.0865409084740939,0.270712545156038,0.0175437190621709,-0.363609872089707,-1.21606458406032,0.148319357579957,0.982351775256199,0.289784440704722,0.0494086227911023,-0.0224082320885115,0.0147863330924974,1.56,0
147494.0,-0.529277546758018,1.38664037994127,-0.513749133106907,0.814634874627703,0.916016546503559,-0.433367552322271,0.910535870513638,0.298786722366082,-1.03424609964062,-0.0370991185968199,-0.0263465466099311,0.532143462508746,-0.286826194410207,0.992928614702633,-1.05681983160777,-0.695647484582974,-0.109301276605221,0.42378914364702,1.2897165548608,-0.0027184479100518,0.177740503518869,0.639533659843106,-0.319688543301253,-0.47708649442275,0.0933671921609365,-0.36642614400985,0.309460848771969,0.149084928193007,7.62,0
149096.0,1.18489112271901,3.15208420536211,-6.13477982463031,5.53125220648323,1.73386651414214,-1.81686146600342,-0.916696277644188,0.265568287019436,-3.15801423516395,-3.89016924226376,4.7365938426554,-4.16211519175474,-0.456696779485289,-10.2667581077355,-0.583018263021109,0.513470571003558,0.113665405648114,1.48862035938935,-1.80557671393198,0.336441865694103,0.124235616370838,-0.823864650327076,-0.0798873559390688,0.0288277898864561,0.389711468856018,0.0601710709421762,0.485186935489591,0.326551571745814,0.0,1
17220.0,1.18978435670385,0.942289402014327,0.0823341450498769,3.02404970580847,0.412406009418248,-0.214414558479438,0.0535578385040748,-0.110353351082093,0.883797757350066,-0.554223900525873,0.154921008931302,-2.77675657494788,1.6412066261065,-0.45607695680899,-1.24041439240797,0.857322735948866,1.70702446635297,0.526349196477535,-0.865104609842214,-0.143434644974988,-0.502635558485173,-1.04739752764089,-0.0567520238885425,-0.340688404752184,0.541235201259928,-0.0983002868955662,-0.0030411199129353,0.049819020358336,3.79,1
71681.0,1.25075411752181,0.223965859826302,0.0099869567735469,0.854931576074233,0.22018620485053,0.117704680085049,-0.0286780279703294,0.0575214217824179,-0.134201440494197,0.230331362481662,0.212573987809128,0.309527402372409,-0.200572104279386,0.528365122915755,0.407527684134701,0.77008621579986,-1.14396647063692,0.747453175818094,0.302197987603663,-0.0978675336726735,-0.078722610562492,-0.272218122835658,-0.177294557435351,-0.867451675638303,0.645284123041855,-0.367349960415751,0.0116412197860821,0.0044211117482215,12.99,0
43369.0,-3.36531852073793,2.42650326490524,-3.75222652688429,0.27601659835291,-2.30587029698066,-1.9615783188747,-3.029283444673,-1.67446174770883,0.183961286375875,-4.98092843827312,3.65788166668826,-6.40982235504524,-1.0873102947816,-8.50943318717532,1.43257178733402,-5.36989001074152,-9.06907940021057,-2.81980659631422,0.874542948076265,-0.0368373256714411,2.07000816413804,-0.512625728150551,-0.248501692422131,0.126549624264963,0.104166256940212,-1.05599732614735,-1.20016496678239,-1.01206584314534,88.0,1
66618.0,1.17150203566503,0.193328558962907,0.180603123538212,1.2751984940202,0.157021314647558,0.141980184559394,0.127553111121806,-0.0271331868811712,0.218348936005693,-0.15221956465122,-0.894567048866086,0.732043856207998,0.676191699151112,-0.103930247467054,-0.131493280043005,-0.598376649104947,0.0288573347570284,-0.887705209123131,-0.175695539031731,-0.0947958892582382,-0.118966602174384,-0.104503884083667,-0.15179875303945,-0.436015987411607,0.752563713634893,-0.283017182421553,0.0408439666593885,0.0148246186518191,24.64,0
74958.0,1.20736931011975,0.23667792702252,0.257435804166556,0.653915074403532,-0.262465963526015,-0.621988030653439,-0.0444731048674346,-0.0181959821241828,0.155635519916447,-0.303368189649221,0.0118234835886753,-0.126440986070383,-0.633254364975549,-0.0914301036601648,1.43836770040133,0.225859151785801,0.321127065601474,-0.644488364989462,-0.551921932058607,-0.160873202036607,-0.268024087596203,-0.78574202879018,0.166580738480603,0.0110636615581141,0.113884984386133,0.126648741241382,-0.012585328090063,0.0260721764535508,4.46,0
138826.0,0.0945999371037982,1.72588835473704,-2.97389918416284,0.169278011673331,1.38247195243135,-1.82513861973445,1.66578674448404,-0.120109089916324,-0.921197285010118,-1.13963857175136,1.48108747116736,0.907128516352944,0.414280421376638,-1.11000184106017,-0.815885329753088,-0.559925779560202,1.78643205851464,1.19954658784862,0.493553039471754,0.0297763861152654,0.520941903907479,1.7479632799293,-0.0101210210875909,-0.0955042121490278,-1.03760427399179,-0.423049781119981,0.495032181062333,0.386320264967842,48.6,0
8451.0,0.314596589729515,2.66067027657541,-5.92003738034463,4.52249960508858,-2.3150272861839,-2.27835165394776,-4.68405393631569,1.20227026523098,-0.694695511200349,-5.52627805985834,6.66243683071252,-8.52546492534563,0.742745446888019,-7.67866801029943,0.593070459066131,-4.47813659534324,-5.84426647937357,-1.1027307945783,2.17738568653903,0.562705643312244,0.743314023428983,0.0640383555765096,0.677841675250346,0.0830078227438395,-1.91103446375022,0.322188398435937,0.620866538820488,0.185030354728703,1.0,1
39289.0,-0.439572762139574,0.97739201533069,0.487637085456532,0.794652572680604,-0.0135661533359822,0.239205943026998,0.407026687580266,0.528364971908251,-1.01281421783116,-0.306137690879103,1.0388673152084,0.899537522698493,0.386850453137267,0.771392778509178,0.523464344502914,-0.151182992296732,-0.155664499903667,0.257531914165723,0.379850813240412,0.0077036555247801,0.271794149563108,0.609745937468165,0.0626361593309522,-0.296380028703181,-0.15660326846407,-0.298388259354325,-0.050960214469621,-0.0299101794259774,71.41,0
158850.0,0.0282861180018326,0.821886897821658,0.284474971088514,-0.586501441743439,0.413509972933868,-1.05422082817545,0.969397733623113,-0.16117008537067,0.0077645837407016,-0.408669082777033,-0.93612235033821,-0.0283740192826886,-0.34411708704981,0.188205468849594,-0.317083310840776,-0.135506962308603,-0.33203736630259,-0.793923871501885,-0.153470313897989,-0.0642445422085001,-0.257714738311267,-0.577016781029576,0.0832953852643371,-0.0298165061378119,-0.51563050619889,0.144580697636099,0.247593395905133,0.096310608164454,3.59,0
56011.0,-2.08363558024987,2.21116003295129,0.942303100732981,-0.451796636800965,-0.448763195204784,-0.627040595992851,0.288869214370652,-0.653113858690352,0.538593493782562,1.77388157074722,1.61404200076992,0.83338733513635,-0.0893203351542443,-0.0510661706753312,0.204988168369836,0.216431340720079,-0.562655517911611,-0.0079384707564824,0.031392392118543,0.700092951808169,0.416879980495932,-0.831288864927253,0.205797617070278,0.477249254229669,0.0874927637079148,0.0753547806468665,0.915293250824753,0.520610614993727,4.49,0
66613.0,-0.679522612770569,0.956319217204052,1.58272968273725,-0.37737609205373,0.417917001533009,-1.14754116192228,0.824289185619352,-0.132110420966716,-0.594703030492944,-0.98847398944697,-0.2579171401885,0.130534137685505,0.446616959560222,-0.489365001501618,0.412308951736047,0.610647125627355,-0.269426397997116,-0.242152806411659,-0.736859600391885,-0.0334425423053599,-0.184718301522303,-0.648662305919905,-0.0653202085732081,0.343318171269682,-0.145191492611773,-0.0614104669762263,0.0416193505160438,0.120766598640019,1.98,0
80541.0,1.14587949805034,0.329735994368288,0.908919987976513,1.12585809393006,-0.42792420378332,-0.452057647155645,-0.0655113384733439,-0.0602586168694769,-0.0237411797210034,-0.117789765991446,0.390263608380582,1.12690280387578,1.25361592423729,0.0289216083223579,1.2603405445871,-0.0724469038740831,-0.22261029956002,-0.901371397365616,-0.857957789438749,-0.0946050086159121,-0.128452234208512,-0.281280031196814,0.167337567455861,0.384398132162238,0.224224369918636,-0.617550924599881,0.0621519353332818,0.0371766572047386,5.0,0
76575.0,-5.62246941906299,3.48062317879011,-6.20067659397487,4.31123366835313,-5.22628632428769,-1.34176357284987,-5.22094094197327,2.68284353707778,-2.92148438224053,-6.56125741097377,3.21126387844398,-6.86166051434144,0.326461834627394,-7.7552536640417,0.50465219263742,-6.27661678567251,-10.6117146970978,-4.14677374512684,2.19728771323892,-0.156288522686099,0.949568986169808,-0.428985749759671,-0.35067550041691,0.197549503550848,0.15923422951036,-0.377790861014248,-0.213561786254573,0.459528918054306,219.8,1
9537.0,1.1459992878202,0.0812207607446852,0.138676525296511,0.267365107602421,-0.326770868642672,-1.12247543457713,0.252741178537323,-0.28731731596407,0.953097894855364,-0.334252051288702,2.58131267913154,-1.76812226459118,1.02788536818423,2.22730968157254,-0.605747998704201,0.166086111256809,0.417437367841757,-0.223634020473384,0.272145233249538,-0.0342394585610856,-0.43943213203975,-1.24725565521556,0.130502923964518,0.485292300264906,0.0898343293306575,0.63154099237454,-0.15172107235246,-0.0061051342070736,63.53,0
29526.0,1.10280432542075,2.82916799881581,-3.93287026485548,4.70769143992869,2.93796685530025,-1.80090371765217,1.672734122106,-0.300240348680253,-2.78301108805298,-1.88484243991678,3.79256535985687,-1.46047112296734,-1.31277627644381,-7.07736060637589,-0.299466316598551,2.4932276042067,6.24498710234308,2.97174936407353,-2.67995024218857,-0.0308799718381793,-0.106994395673876,-0.250050303584088,-0.52162653336055,-0.448949514169716,1.29164648168516,0.516326673768638,0.0091462814112417,0.15331763551135,0.68,1
70956.0,1.19511505162018,0.025508119468351,0.744082641214717,0.880006833838579,-0.760573049743707,-0.794793014123998,-0.0746139495547183,-0.171886965863413,0.499554322715819,-0.252224077015365,-0.357743938918542,0.966362476129271,0.609161200098388,-0.321584613610943,-0.495110397388485,-0.488763345860196,0.180853731729225,-0.78410081403081,0.0901570128404399,-0.0697050935540928,-0.0589582147585352,0.0982332151757447,-0.0578640123566087,0.799245878102864,0.541590955133371,0.520753604349203,-0.0198783023374676,0.0151626759885301,12.95,0
160870.0,-0.644277679025173,5.00235242592827,-8.25273876012125,7.75691471173633,-0.21626731754316,-2.75149611755953,-3.3588573150418,1.40626809118347,-4.40385171690245,-5.94563397292191,4.47590467269415,-7.60726146360792,-0.160723119948911,-13.0107493697978,1.09438181918719,-2.86403911817187,-2.87134152887014,-0.180613560248759,0.647708880496559,0.816557858909547,0.587727519791778,-0.605759173274255,0.0337455457845425,-0.756169511485339,-0.0081716252537439,0.532772006004636,0.663969504849476,0.192066835389178,0.77,1
95559.0,-16.308650062507,11.6148005425867,-19.7393862972953,10.4638662754002,-12.599145656022,-1.2023933184963,-23.3805078207357,-5.78113300512982,-7.81102238181602,-16.3035376590131,5.57362527301538,-13.6352161247268,-0.483236243869236,-7.35279224297253,-2.39268418895092,-8.72814239367754,-17.5988535455879,-7.45595632935304,0.169740705598221,2.10603387120175,-4.88498262418118,1.14091043558273,1.39295263139548,0.348996604820014,-2.16750975079914,-0.798753537981903,-2.94277507305079,-0.462679619023024,1.63,1
26570.0,-2.08204084869202,-1.96177499365185,2.61869867615971,-1.15350015265284,0.623307396446419,-1.7107716969876,-1.6977455537253,0.388619179389036,-0.309520973464006,0.127107571028252,-1.00324256222008,-1.32647281520644,-1.12719103354876,-0.557560309502046,-0.0028245546633206,1.33881483493536,0.203350593987885,-0.725658387845137,-0.0412490691918664,0.655669837637129,0.454499533686062,0.764668247195575,-0.0032116040157678,0.393025402187603,0.575837267911296,-0.108467150995156,0.230243436007912,0.164020298566256,12.48,0
129222.0,1.17782379154942,2.48710339519253,-5.33060816051087,5.32454683526606,1.15024325844862,-1.28184253527583,-1.17199420002259,0.413778202141836,-2.6598401542684,-2.9716952359177,3.6195974073081,-4.47804406487578,-2.03418448611283,-7.77219735461502,-1.20149274946259,-0.509866916309607,-1.30436979397668,0.495999534593581,-1.35984389291856,0.156057238983783,0.262325116604754,-0.431790202566124,-0.092088065214941,0.145215897986796,0.457788410050576,0.167739067416406,0.451242541470912,0.268421209703893,4.87,1
93823.0,-3.82193880087939,5.66724730913206,-9.24496345774236,8.24614693395311,-4.36828608664298,-3.45073451820581,-8.42737802930292,2.30560850484611,-5.33807918394682,-12.0111608836062,8.62125508140256,-18.6837146333443,-0.962073428413392,-15.2976561861343,-2.41413212341002,-12.105602245184,-21.3381950868483,-8.04543571561822,0.15601503277122,1.11524688892983,1.99051970513882,0.0833533215963405,-0.0622635530228708,0.390187802079359,0.329883884451897,0.0980170825531413,1.86957016296191,1.00084956292018,75.86,1
143721.0,-0.103637307309687,0.409794417964378,1.74170676484692,-0.2704505592999,-0.264958241751035,-0.142103764726264,0.251783180747419,-0.151681500908903,0.969544764062889,-0.470466249092382,-0.982493493376853,0.208512287965824,0.312026751048593,-0.642342909729231,0.477375826836965,-0.0830845683243383,-0.587342987155341,0.24238998624396,0.0553972446607776,-0.0559840760686287,0.141178759038291,0.765069902311788,0.031933998029964,-0.0110644552372506,-1.15188436207008,-0.522607102681853,0.0065386117304969,0.0197642410705118,11.86,0
168231.0,-0.917298837701159,0.860941519809026,1.20116962989995,-0.962313869414329,-0.372494596663284,-0.114846605890978,0.0017407784828332,0.69988466773013,-0.0402839086830311,-0.737620781957156,0.12003849216239,0.215575440622155,-0.913608583585635,0.446690923080106,-0.465391362659802,0.862850804149357,-0.725271923983484,0.484302140416864,0.214634260853533,-0.0733906808884191,-0.138629862484958,-0.493530152596089,0.0015300731433487,-0.370406484240922,-0.392433807782126,0.304996609435839,0.17741619875799,0.115136521024518,19.99,0
59656.0,-0.638559510054622,0.841315206830913,1.63293668740619,0.266420773013172,0.0485199059799758,-0.559435534776469,0.726506965355616,0.0084930406383108,-0.235392777119387,-0.493580758587878,-0.0465878189027994,0.754286358371349,0.418996076209229,-0.200003178602237,-0.389391013238128,-1.00784404937594,0.518576456649293,-1.21844601020694,-0.199346380827014,0.116438178775332,-0.0139021882223146,0.270221622491807,-0.0528913419260686,0.665089765570497,-0.159798795973624,0.303153599744153,0.347195045503009,0.193370946801416,16.05,0
26931.0,-22.5616992591298,13.2089042844176,-24.6438187771226,6.23253182330679,-16.905611362323,-4.49743871970001,-16.8101841919321,14.9551067734604,-3.87129682308601,-8.58126551626339,5.25698760960799,-7.39361499215009,0.538800829120431,-7.57755201800709,-0.030725531904052,-6.45478323655342,-12.8456565242928,-4.86591773720169,1.06244185030067,1.62144422472126,1.76598663639159,-1.6355166467436,-0.998316503452087,0.138972227361725,1.55935014018173,-0.22212451669,1.5044246600224,0.445919826109776,99.99,1
67019.0,1.11018405372835,-0.0429648649109852,0.604309044076956,1.30089232965093,-0.48986170860312,-0.117155394283327,-0.186070207124636,0.136377007121072,0.711177839114873,-0.175053731102934,-0.758629445618307,-0.226827206861717,-1.64037271309301,0.289481126309971,0.253113338877786,-0.506766068942721,0.300776243365588,-0.799504715091063,-0.305146249084856,-0.241291351379918,-0.232765630841722,-0.578555613215066,0.0574674574271562,0.026308728394665,0.388167360993349,-0.493814652613363,0.0408318493981472,0.024233754850349,28.66,0
79540.0,-0.114360703589856,1.03612940153875,1.98440526119199,3.12824327369048,-0.740343559582751,1.54861869623,-1.70128395465886,-2.20384174839674,-1.24226477538834,0.269561809170344,1.29341829662131,0.933215784460268,-0.135325960632637,0.521483689902165,0.386884188055331,0.0598689535627266,0.306339379229928,0.265051988857439,0.223718288348024,0.732852498432027,-1.03293465200213,1.19642831010463,-0.112856718234204,0.254718993156121,0.69666788609654,0.482370416673402,0.129969314476127,0.223924333790406,0.2,1
127149.0,1.02568923021697,-1.97876335413004,-0.764680126230505,0.325369231093037,-0.289434618135364,2.16674821208639,-0.691761087043546,0.630622461521187,1.25338548863657,-0.350473542283493,1.12709744438878,1.32738372980546,0.302175835907788,0.0610150389377319,1.11572573701501,-0.132871297834967,-0.194935329442334,-0.45374604021822,-1.13528794504646,0.579993033731239,0.425542010772714,0.53457631508356,-0.0286096787434859,-0.718497815102445,-0.722845850952371,-0.387972900716713,0.0250215779837796,0.0271106582758645,418.09,0
118226.0,-1.51824395745602,0.0288636263821732,-0.61063154885241,0.294954133095298,-1.52094267581546,0.419804183296311,2.9913894691718,-0.872285010753531,0.0460198670230251,-0.065567391873285,-0.900731605751476,-0.460831290738165,-0.447475626834534,0.0459234807881316,0.314728012602013,-0.484217145977014,0.0336220111827368,-0.655278956037552,1.24777630895006,-0.9638207516566,-0.414667236049799,-0.221548107296806,0.0899698055479274,-0.0062716022020523,-0.675029595528228,0.353830469932523,-0.240056026094942,0.483212653715839,495.08,0
93824.0,-3.63280894927825,5.43726336227612,-9.13652148062595,10.3072263079132,-5.42183029451154,-2.86481514933136,-10.6340876212042,3.01812657999175,-4.89164032107494,-11.2350479111446,8.78878366710272,-18.5536970096458,-0.339533407676443,-15.6231873302985,-0.188978574214972,-12.4279613630565,-20.1590474539227,-6.88889109280947,2.58609321670737,1.35406479520345,2.30988016889674,0.978660126299279,-0.0961301444473713,0.432376722544823,-0.435627929953396,0.65089278643537,1.69360750804844,0.857685371687245,8.54,1
123770.0,0.314056967273646,1.08426056858258,0.676285225826339,3.41084066402875,0.482321356985291,0.3886157678323,0.388162007702918,-0.843360111525339,-1.21873930309084,0.902426263657526,-1.59688027587026,-0.347669529840352,-0.327340456605831,0.131669152340927,-1.50221618532511,0.317554593608308,-0.353442951564218,-0.491585165537027,-1.26884111453062,-0.31121492885598,0.861755924260933,0.110221220320605,-0.198793229447807,-0.0870994194161296,0.750095661444806,0.218385008745434,0.189335426343361,0.26497118173809,28.83,0
19913.0,-0.500270927550435,-0.143653400725103,1.73112077274421,-1.50334221953933,0.437421313713616,-0.459256581400542,0.117921334526634,-0.298068955869291,0.506648296096894,-0.340024981420649,-0.581808120899121,-3.55596098308939,1.54596482295992,0.608946333821186,-1.75768293839054,0.859029635076377,0.769767740642274,-1.12860204392936,0.524526022356858,0.153968660722336,-0.170006857297609,-0.148403893389022,-0.304498328566863,-0.493448793770378,0.254407860723355,-0.413054168351992,-0.121868376515388,-0.133339630277077,5.0,0
94364.0,-15.1920640113629,10.4325276778611,-19.6295152518171,8.04607504591293,-12.8381666152727,-1.87585874614533,-21.3597382791388,-3.71784952676935,-5.96978174909567,-17.1415136412892,5.90239975502551,-13.5801472568557,-0.45140689941267,-8.33476258691073,-2.02514468652193,-10.1963336944105,-17.2709851692259,-7.07909577930568,1.51769533116994,1.65747618417276,-3.47409650326971,1.76544551266317,1.70125678162665,0.381586805077026,-1.41341748729956,-1.0230778939005,-2.63476129227348,-0.463930546269812,1.0,1
181.0,1.13675205349017,-0.103769566563379,0.904686443617774,0.488210755231466,-0.678523514606376,0.0398607287755719,-0.581293920509389,0.27099619815761,0.25653956121484,0.0680916931076459,1.44518365850316,0.506268151900735,-0.850214520356013,0.464222959874078,0.963247297709683,0.522011841142238,-0.463008421525865,0.0290218231029976,-0.386661217345824,-0.166087120316609,-0.017526913330454,-0.0931591658381515,0.119722964804821,-0.000588012208916,0.0262521922423767,0.229223265689328,0.0002011881526146,0.0109449634148801,6.47,0
148476.0,-1.12509160979577,3.68287614423407,-6.55616794880279,4.01673095104413,-0.425570577758505,-2.03120987003802,-2.65013722169089,1.13124935389728,-2.9468895392379,-4.81640080035747,2.15579608547647,-6.28512495176061,-1.12562538784098,-6.80009808768536,0.924933778626226,-5.23960438819297,-5.01790786864794,-1.34930885911419,2.8686028948655,0.452241310921092,1.18557978155236,1.34815612852908,-0.0536855730897001,0.284121984623636,-1.17446918218703,-0.0878322147402313,0.718789577961977,0.676215948809544,0.76,1
128575.0,-0.453213777727806,1.29136820634971,-1.06925369193641,-0.756118869447305,0.715924778679482,-0.354173460163184,0.438802074097843,0.557047693803406,-0.0949551891897766,-0.552243057251109,0.311963084826469,0.0358540686966406,-0.990144531915137,-0.391343013805266,-0.81326124355221,0.810510880623121,0.174855749589521,0.57371992748635,0.198006812987647,-0.0078378258408617,-0.320542731082045,-0.925062735766821,0.0980673708951653,0.0586209520267375,-0.354874858175444,0.132504208741207,0.201313682738219,0.0539508583986854,10.76,0
78136.0,0.849641054724327,-1.31150595828336,-0.696329313138206,-0.752870991695289,1.11349449221214,3.94999475121818,-0.947342297721116,0.998201070818706,1.05022446300348,-0.491799331829963,-0.566639163959357,0.403550528505499,-0.0476258857413946,-0.36263345685808,-0.0865382784512943,0.235147609645956,-0.347827755647976,-0.148393809837123,0.769176689402488,0.485151350051843,-0.156439274856446,-0.83250554125787,-0.145572713163018,1.08840914541714,0.215937385390599,0.934816802022253,-0.0722578413845602,0.0451401157909598,224.5,0
37167.0,-7.92389070083426,-5.19836019923329,-3.00002392240282,4.42066620155728,2.27219396451756,-3.39448342909715,-5.28343533467969,0.131618922476372,0.658176428693037,-0.794993881662565,3.26606601582438,-2.71918495125522,-0.124103963275087,-5.274865818881,0.638575002552638,-2.99583037811248,-4.69843344927136,-1.71187122467509,3.02526099185501,-2.16981089222224,-0.734307916555449,-0.59992625988411,-4.90830117586834,0.410170234644792,-1.16766024989313,0.520507647303451,1.93742140287106,-1.55259283870249,12.31,1
116723.0,-0.632220289320597,0.807769459735189,0.180117253619188,-0.571694927148209,0.672872883999877,-0.454788127837339,0.6798877055029,-1.04702643019548,0.21739391748774,0.444488322136621,0.292929442577424,-0.237025089464484,-1.67693387208162,0.437865646903912,-0.636630708338816,-0.0579504700053187,-0.565307192930411,0.117336683240093,0.896780747666454,-0.285136937063011,0.52267413307747,-0.641489387737411,0.280802584936371,-0.389241706492581,-1.03615481725803,0.118391697359662,0.0484401512151439,0.0226490473286327,3.58,0
121238.0,-2.62892199481027,2.2756363708417,-3.74536934909195,1.22694819658893,-1.13296649495042,-1.25635309994595,-1.75241984877631,0.281736387178617,-1.7923429718137,-4.82077941422469,4.17609762346479,-4.61900987976999,0.742689541505504,-7.63696288811138,-0.197887605182768,-4.14039566725884,-7.60471483249934,-1.52450539738207,1.27132193138436,0.133106474791523,0.870729582435536,1.26947278909845,-0.265494007565328,-0.480548610900827,0.169665130870596,0.0960810570397914,0.0700362725602789,0.0637683649579152,144.62,1
35360.0,1.3308935853188,-0.48423294327292,-0.353275982986964,-0.740828524320241,-0.521517551523692,-0.846805176720348,-0.0378671911562522,-0.250566816221183,-1.42523154402847,0.880114562782331,0.915419514205876,0.386641466113997,0.18210712706721,0.533481054025259,-0.0529266288295116,-1.29355472886547,-0.266251572566087,1.27702930547578,-0.240275052385489,-0.380858440910526,-0.355504808190091,-0.666965314101794,-0.0938828844368576,0.0357719406059136,0.434806580419383,1.07131914085838,-0.100650995584259,-0.0106376005893339,50.52,0
159505.0,0.0073590972526751,1.04399356155041,-0.530771772704621,-0.596695504664119,1.03127197588738,-0.736804391384523,0.941744248086027,-0.129383634821588,0.0465842859985009,-0.718707361009103,-0.882717815969841,-0.21673595725533,-0.0058529288913007,-1.05600897483457,-0.20773561298775,0.384858713800031,0.283946835516152,-0.146220797067612,-0.140518952574979,-0.0009274736232802,-0.342034713550656,-0.874827024630447,0.117628060460813,0.366759630243423,-0.395481705133079,0.11452253313911,0.0909075776399107,0.0757240365751532,0.99,0
17187.0,1.08837493830851,0.898474023721059,0.394684329076182,3.17025757451452,0.17573879687403,-0.221980885195245,-0.0229887284923858,-0.0108735366656839,0.860043617194172,-0.592472935320844,1.07272839973578,-2.54755681422931,1.23595005675711,-0.330305803751441,-1.02235437464957,0.335642172519614,2.29899822072815,-0.1620962094812,-1.53270721248432,-0.217358192249005,-0.423553904215867,-0.800852284805578,0.0776144554303444,0.167608452574198,0.350181817443194,-0.118940929478619,0.0129477659306532,0.0542542721018558,3.79,1
28828.0,-0.463958115869935,-0.884592588046061,-0.143944764980578,-1.6367778082734,2.98289622262256,3.03265376553397,-0.375529714338324,0.342138499191112,-1.15781753482641,1.08838002126515,-0.16754172871916,-1.13425092130197,-0.0171288461343346,-0.519933039568056,0.352025191643503,0.17676087562208,0.2742715692738,-0.972070527772322,2.33192215404275,0.578834532872354,0.156100481509393,0.565271521693805,-0.241343335500182,1.06491712629576,0.0593406913879687,-0.0564673702410247,-0.383164775543841,-0.164545361936178,10.0,0
50808.0,-9.16978982388629,7.09219680097303,-12.3540368689178,4.24306897383907,-7.1764377547738,-3.38661804868541,-8.05801194656602,6.44290866379074,-2.41298660229065,-6.13490688724113,2.82667122820047,-6.30984277729399,-0.623002385785158,-7.27986921938704,0.924233225976226,-4.21553713481175,-7.17167241498026,-2.55033668458713,0.596364320528384,0.816651661759946,0.926156961108813,-0.817706132334589,-0.150434415715838,-0.039383059739641,0.485639753958673,-0.264324608977439,1.1596904600617,0.232758088392131,99.99,1
97121.0,-17.9762660516057,12.864988563015,-19.5750661905691,11.3451198184298,-13.9986456031027,-0.35489996091484,-23.7834698823143,-4.87235340557097,-8.50428479375643,-16.6011969664137,5.56925817499418,-13.9322487527403,-0.204854827407058,-7.58102324741972,-1.01361239001659,-9.01481328062598,-16.0920320589503,-6.05014766257303,1.66102935873752,2.41992113013135,-4.30043186631826,2.8657718597682,1.48930201538756,0.386039288843108,-0.232391836340479,0.413826703027495,-3.25598090607432,-0.538963227046118,8.64,1
163146.0,2.03605198565429,-0.763099654006414,-1.77248501505951,-0.219963073136235,-0.124115624248218,-0.594885368256397,-0.0187038824003761,-0.205268286654874,-0.856465308490794,1.09932942103082,0.440533200987229,0.281246253439325,-0.710943016236045,0.630979216635046,-1.17635372875089,-1.82488725498339,-0.0509867543252804,1.17075461738279,-0.346281245670125,-0.538939212890303,-0.313615576947349,-0.473054609237205,0.133826833882723,0.751786097778288,0.041208100419535,0.321444793975214,-0.0827150268107231,-0.0628661793683243,67.47,0
123327.0,2.00758780536383,-0.66597452018397,-2.17201191891876,0.511659577434264,0.40253753945571,-0.227043111588502,0.242241833457309,-0.275635233417456,-0.714468561966114,1.03456661872593,-2.01864926039674,-0.64240239279781,-0.517518845030589,0.486302575700282,-0.479621948385457,-1.94827663444956,-0.126480102301576,1.07557051098902,-0.714490929128739,-0.492592466785746,-0.314812164139146,-0.508423920498585,-0.0580911385475319,-0.0812716186318021,0.406239089792007,-0.483375029532229,-0.0184413527948928,-0.0418371341456262,110.0,0
51305.0,0.539652506169455,-1.39111162428412,0.813916386422095,0.427298366992515,-1.0700157273468,0.998609178639366,-0.573338625563654,0.444695271092515,0.917043305873645,-0.422202223035621,1.25035378769302,1.1391818457142,-0.645018555230392,-0.130935863995532,-0.446477152653106,-0.414286059371023,0.47617499736463,-0.924226102664644,-0.123422869185196,0.393588819572797,0.0364543318839647,-0.260152622417856,-0.109029951008072,-0.21750935691467,-0.158076177925283,0.924913480565419,-0.0579338658727378,0.0452196847880353,285.25,0
161358.0,1.43222535489441,-1.79234855183031,-1.31659606811349,0.563839365944248,-0.566582946614971,0.755230240912397,-0.428846073870115,0.134541771840721,-0.375192832595317,1.03216400273371,-0.340930897744399,-0.0560603092007448,-0.53092688339483,0.335700362725656,-0.276911135671905,-0.874371351350501,-0.767635688221118,2.19308638192799,-0.834193692630276,0.0273047624790343,-0.121899508403702,-0.596274714382281,-0.093466031001199,-0.197590379890085,-0.247430186222918,-0.704350762311726,-0.0095226552124498,0.0158325036449324,350.0,0
60394.0,-1.37476658469726,-5.22327271607184,-0.281171240663643,0.722142130373323,-3.16411249045515,-0.187954260942549,0.720503294776014,-0.379747322176327,-0.287178627296112,-0.146211947306416,-0.244885285711648,-0.287280499209094,0.453466350191583,-0.381261695881004,0.507946025794631,1.27163092083206,0.471606828372844,-0.848987353908534,-0.112066932763221,2.91978809452964,1.1790344825645,0.286403208352459,-1.29941543906249,0.836395725163576,-0.101128659976931,-0.216078467481197,-0.214377949700624,0.273060198156612,1412.26,0
132827.0,-0.259462207783855,1.32187643544053,-0.777527193874692,-0.785692537587799,1.09130532940486,-0.425434498643134,1.01074008887541,-0.161101813797248,0.347279346708172,0.316915952413173,-1.51665790875304,-0.132048782734584,0.504549220284598,0.154170659074369,0.543934196384838,-0.258140740068173,-0.807435856886088,0.364627803267734,0.268908857092084,0.312552709549703,0.259581639466383,1.1326334238674,-0.175459193038992,0.072311105594477,-0.55793302244059,-0.202176440203065,0.716882885292921,0.442168495427483,0.89,0
68015.0,-0.911609524091894,0.680814998717703,1.34432926638725,-0.0685168769397131,0.596394153553303,-1.26883789886562,0.769226424958145,-0.13488788226402,-0.247847742648523,-0.551040479990259,-0.851995308556423,-0.568454156461876,-1.11505496927025,0.399853255152036,0.176299894441067,0.3605005709658,-0.762850927189449,0.0180826455866171,-1.23238039440739,-0.299226082282865,0.1393009002769,0.252878660251743,-0.228604944081453,0.360420898124458,0.0433817342671655,-0.588531360948165,-0.0261744038899593,0.15986437778065,6.89,0
57905.0,1.00427869973418,0.0930093621290947,1.41969158877894,2.43771663468175,-0.396206479749126,1.31764540835894,-0.84702239675234,0.589560803164082,-0.190961739785285,0.652509965345519,1.19963498831471,0.627138835377039,-0.542666227460244,0.0444760866205986,0.0030781236152788,0.415292425539366,-0.231867179125753,-0.275151860297985,-1.49448683824932,-0.238739458963092,0.205074501923746,0.718316900535188,0.0093681792884133,-0.279573892694725,0.198811869219467,0.150106032027599,0.0648276919483716,0.0160353514793105,1.0,0
137353.0,-1.10336655156316,0.719657184656322,-1.35254458691589,-0.226368580100123,1.8077435506962,1.13605377974645,0.50549503771911,0.913773747967836,-0.375646675786637,-1.70449507137912,1.34660573649665,0.864722445420211,0.033176129658741,-1.51850291305808,-0.241169577980379,-0.685098855601002,2.27335334075687,-0.123907677909185,-0.46640301895727,0.239576952166112,0.140988299941171,0.413103552812122,0.0988140476250574,-0.891677416176915,-0.418703742562118,-0.236372877727549,0.369420841030452,0.161789989448763,90.7,0
103985.0,-0.768915271390198,0.0246292472444852,0.262943389544601,-0.821516484566082,-1.57034681105678,1.61403464672319,2.41145450832225,-0.671585900358688,2.01167046283925,-0.908233806967088,1.13310675247284,-1.762537324164,2.51658387822745,0.757689733681657,-1.31107339193728,0.497469195071323,-0.601857344667615,1.06351972498378,-0.0450623845596807,-0.523997203110582,-0.0035944361287614,1.07391280105779,-0.168539528307247,-0.752320520500623,-0.940116863386356,-0.10169458344863,-0.0349542591610933,-0.0122583254834347,500.0,0
75581.0,-2.86636370525907,2.34694943137396,-4.05330668845935,3.98335888025187,-3.46318571327039,-1.28095301603103,-4.47476383461874,1.21665528478137,-2.30982869782019,-5.51550707258062,3.04839203447565,-7.12825076846601,0.0059558009251745,-7.49518733635876,-0.25108802193356,-7.5680148993231,-12.2236328477344,-4.89517519350497,2.52496746940249,0.270013154062001,1.04973156228305,0.475840283409025,0.404480059350581,0.282029789710327,-0.506901095688855,-0.371741093052833,0.615256964379468,0.803162841917988,124.53,1
58261.0,-1.03401621330369,-1.09107033335803,2.82526138706027,-0.216929570152074,-0.600376513315296,0.0563831569940502,-0.446168626027261,0.0166355289544603,-0.754207649185988,0.187625041859142,-0.078943850638239,0.0349443672220766,1.03841820973477,-1.27723885050018,-0.0975938938886578,-0.273217708511856,1.34745076041073,-1.89124677951287,1.60347529498506,0.804878100996444,0.196784272511111,0.577598340331501,0.163816388836386,0.464876645996104,0.143053321541494,-0.0895219993304457,-0.0838163311594671,-0.116034123319166,119.48,0
123475.0,-5.90782921381061,4.49503624927572,-3.68287879186055,-2.62687881128508,-0.198306386736229,3.44770453326564,-2.55803418468043,3.44684039765187,2.20157082770815,2.33288782365021,-0.730184313675697,1.15724811106614,0.159354897279815,0.69275426906714,0.724211280742611,0.482908893227381,0.141693692859802,-0.297331745452173,-0.606918949899553,0.645331038615205,-0.0954168562497083,-0.823893671866401,0.512630979158713,0.608003314753903,0.364095569008185,-0.37351213355775,-1.39371377745452,-0.222022344868934,1.77,0
82767.0,1.25782023713975,0.374721635221812,0.309787620743291,0.689299270426653,-0.345494368779732,-1.06420292642001,0.103620461900696,-0.218128688581913,-0.0064090307667079,-0.290059486014811,-0.0266143564093839,0.371330584670409,0.486510161835533,-0.339631160145781,1.06577889209884,0.46784177605079,-0.0220772974313837,-0.329410779322814,-0.197982097465673,-0.0649504261496794,-0.285271928038988,-0.809372860906222,0.126009219544618,0.346900312635336,0.225782445268423,0.0939293678148364,-0.021288185507979,0.0312399821606292,1.29,0
76826.0,-6.61629292560656,3.56342789803106,-7.05890129814843,4.28434595524384,-5.09629887292392,-1.76861780360559,-4.93755412732933,2.74845954534783,-3.79675959454545,-6.8254901042394,3.25959475409854,-6.94389061823948,0.43597516308899,-6.94701030902337,1.01100406527995,-6.16683742461485,-10.564346602529,-4.01018815310236,2.14350179519978,-0.54163415582255,1.21597610572025,0.0411777442210425,-1.05909770217904,0.275662062254882,0.057424927985318,-0.265838484019501,-0.514636936427821,0.388590269335523,254.76,1
136024.0,-0.613486042032871,0.712852498446677,2.01129368847025,4.700743609948,-0.255811503749853,1.43073163246279,1.31931891026629,-0.0636982101738476,-1.49658065288799,1.13897125242056,-1.64731201900097,-1.26761465277414,-0.949293983298964,-0.241270346799018,-0.364132093444054,-0.791291041374427,0.638950140698883,0.134512072816077,1.49558414065333,0.680589928159314,0.170446822793269,0.542264245598256,-0.0217732025986575,-0.0880519262310457,0.549861574994016,0.681595506624103,-0.134303719445054,-0.129054596120684,224.92,0
35866.0,-2.04448868873478,3.36830621710984,-3.93711139061868,5.62311973109633,-3.0792320390481,-1.25347411822809,-5.77887959312275,1.70742815771205,-4.46710312294842,-6.0677981503786,3.83978771072745,-8.27784094846266,1.49391490811495,-8.41668121212274,0.792297928201949,-7.86265882647354,-14.5708366290177,-5.18538553288232,2.41438956859515,1.11202761894884,1.48359421639379,0.834310712862216,-0.148485620188757,0.0016688545232818,-0.0389957310939217,0.389526401954901,1.30023645611458,0.549940374167289,7.61,1
47525.0,-1.1593809071222,0.565335063439605,1.9797390372065,1.05042634013295,1.54444567306069,-0.0376599068969281,2.02742783584216,-1.28165162858476,-0.456331739022007,1.82171573919446,1.1412021537449,-0.0786123451374974,0.141164974527321,-0.964998610560864,-0.807800098181402,0.65114900760996,-1.89109885919521,0.17331640801635,-1.20214019758941,-0.121114344977991,-0.115784174888466,0.5094073157563,-0.0643965285623489,-0.0169020638022607,-0.15318119782524,-0.38134904629145,-1.4436980320218,-0.7401048563252,27.28,0
133721.0,2.06134932191842,-1.08308989246245,-0.397910676490659,-0.474461225216612,-1.11134067741733,0.0952938489362787,-1.23302320253526,0.182433289171101,0.0354607674980899,0.990667662631968,0.377211300029899,0.307415164918276,-0.395566612195659,-0.0611051966011546,-0.407727196409312,-0.981027981592547,-0.411556894935711,1.92934321872248,-0.703039709088896,-0.589992134073355,-0.128317869556319,0.205830023669898,0.251366473348738,0.771448068145194,-0.401294637249348,0.675194280779378,-0.0201736844321632,-0.0491984039170378,15.9,0
83879.0,-1.16135257077775,0.0630524304724651,2.68784363777199,0.434802635145793,0.237103482425653,-0.266160921234321,-0.194272744655294,0.320749462045269,0.270127651363083,-0.906659484058143,-0.473199090184039,0.592418520228318,0.177743161768521,-0.489410158269306,-0.237306930929123,-0.198679781943975,-0.0946732207706045,-0.540086413369455,-1.19479375973457,-0.0048260088117865,0.126102213631374,0.356683396997702,-0.0174919317260583,0.405500169507619,-0.0334356465692931,-0.548515481699338,0.13621104705164,0.135868355865577,9.99,0
66037.0,0.286302363835244,1.39934474808556,-1.68250270884931,3.86437703955242,-1.18537340204974,-0.341732013808781,-2.53938012266357,0.768378375007388,-1.54788162780199,-2.65971794652165,2.6215881261205,-3.46236188507757,-1.05430017332918,-4.95582330430277,-1.40027445820489,-2.33994291742419,-5.19779447735003,-1.34281449785555,0.288846910516582,0.270360155086889,0.352456413618901,-0.243677652080658,-0.194078546536702,-0.172201087463232,0.742237197555102,0.127789797006944,0.569730790365159,0.291205858831994,7.53,1
64912.0,0.0525493085033617,0.201621881248682,1.50138895930913,-0.259520758891918,-0.0938969199727167,0.20386428647743,0.304191850524257,-0.28744934726655,-1.04804489540089,0.535023430726795,-1.58167988962582,0.200631299031261,1.69690289987,-0.923417505864947,-0.49992620660051,-2.11645818479163,0.086839189949044,1.12348968108947,0.535591736187534,-0.205379822246589,-0.42776286405995,-0.266368309175444,-0.19301786391688,-0.401412283919724,-0.408716000782997,0.419126856453822,0.0202522528365202,-0.0641297477782913,11.5,0
169351.0,-0.676142670593205,1.1263660623459,-2.21369952308058,0.46830838758824,-1.12054104443306,-0.0033462959955453,-2.23473929608742,1.21015796383769,-0.65224992035649,-3.46389087904573,1.79496896856641,-2.77502154036273,-0.418950143733104,-4.05716237716209,-0.712615968607599,-1.60301474745597,-5.03532591722409,-0.50699988370237,0.266272320267649,0.247967752628092,0.751825538154533,0.834107690036367,0.190943872773442,0.0320700856093905,-0.739694822652264,0.47111096261267,0.385107448705084,0.19436147923645,77.89,1
148722.0,-1.31984411724404,0.29023216305598,-0.223287807272956,-0.351132882565423,2.00304804019362,0.0044491729351595,2.11114131635078,-0.155835102089282,-1.27786270993618,-0.814160759474495,-0.650659946521496,0.035234504191049,-0.189945808044064,0.6821351202456,-1.54456690984801,0.0172349660454878,-1.13253514599676,0.517783431056669,-0.0720333549658269,0.36942070830827,0.259481592185294,0.301030058367366,-0.388021204875048,-1.44978588032558,1.72076964813926,-0.282374325632623,-0.106111373354684,0.0267268568700921,192.28,0
124173.0,0.0206903100212542,-0.882190787531564,-0.481712933734366,-2.60216364563278,-1.27496741126702,0.169533036176141,0.930205886193246,-0.318632147443295,-2.49346235030467,1.09760864209712,0.768035825684584,-0.556045694242452,0.553884234229148,-0.184913579685291,-0.803187333335219,-0.290292107086299,-0.005620857090504,0.647737453879308,-0.387375681287306,-0.368163575806239,0.19326465809192,0.960319820879287,0.0493184854293869,0.73008595523579,-0.131470278274928,-0.0520633701177513,0.0338666313107257,-0.0935157648741194,294.0,0
57120.0,-10.2553184545318,-12.0401325075231,1.24351733829344,4.72523648989323,8.57464037651619,-6.19285868370987,-6.18358600877623,1.50059152859351,-0.720189987188456,0.317617671909466,0.206642250996445,0.83772818499017,-0.13645127685488,1.31828112021273,0.112045193596578,1.55921831756609,-0.880498753768157,1.28022498702546,-1.47694070976819,3.46205175827061,1.39843547364022,-0.771969995276979,-0.458446151262106,0.0879845454312188,0.311440242571963,-0.111375739968594,0.122289954528128,-1.98633216972966,10.62,0
119095.0,1.82937092839481,-0.952322926676366,-0.150536192988039,0.302558428659379,-0.86048041654765,0.385597696085237,-1.04025850302504,0.173516064667953,1.6296700981359,-0.0581602322575679,-1.83350143129486,-0.0444532623766475,0.385948740181271,-0.486841745767226,1.08485200743885,1.07910900157241,-1.05959970013973,0.645890959821494,-0.227506308676426,0.0462427266408413,0.208583315527177,0.576460853407345,0.0371513527528332,-1.01675227773156,-0.460638438969676,0.56879344168839,-0.0049255994963745,-0.0270227777332736,106.56,0
41870.0,-20.9069081014654,9.84315322329519,-19.947726046163,6.15578864849515,-15.142013159868,-2.239565648142,-21.2344631540976,1.15179506554623,-8.73967037069304,-18.2711681738888,4.67734929657245,-9.58356643737056,1.03516582361622,-8.19969002891841,-0.32651888245129,-8.37643882097816,-18.4854603221489,-7.58997395860914,1.1266403652792,0.396654845079575,-1.97719619445615,0.652931885295435,-0.519776859411322,0.541701730134149,-0.0538607606750096,0.112670774311131,-3.76537100922261,-1.07123831223447,1.0,1
149013.0,2.10810835323772,-0.207739554465833,-3.38606713157333,-0.72076022314783,2.90533911366884,2.93217117644692,0.0547956109888952,0.562129039557497,0.0176542173600372,0.190506876288491,-0.0790885090983565,0.232613528169,-0.366429805860095,0.797040322609015,0.0859603684609684,-0.72184722164154,-0.169346324961285,-0.895392637621406,0.0021275971696166,-0.174293455033131,0.0952483103052246,0.367526357431716,0.0105351958837573,0.78418450070872,0.412943943821557,0.734474936337659,-0.0939989836139304,-0.0919453792934968,0.76,0
166374.0,-0.124686239716948,0.932160835287979,0.585166291201776,-0.697290420042951,0.611063582349035,-1.02199539447508,1.18691017021462,-0.291113687428603,-0.385417221631864,-0.724073949868568,-0.948419741819087,0.358128463167116,0.565617364782664,0.0699391513389872,-0.52331506635134,-0.134716475930235,-0.46375228365309,-0.762090274378979,-0.0002062632607275,-0.128931963155819,-0.175629546646672,-0.410678647238253,-0.006463580257057,-0.0061205375805542,-0.686460121699677,0.0980415757609796,0.120107678455338,0.181333483811793,1.79,0
162336.0,2.04192253096935,-0.0731733150230997,-1.16739038150122,0.220621228131979,0.114950907791229,-0.694039450900477,0.109606816865697,-0.196328766476341,0.226844355076726,0.227627248112351,0.758294084440189,1.29185630370651,0.543148986481425,0.351826526910232,-0.692764655598925,0.160632921534005,-0.68401357695304,-0.332247980392188,0.552615036601007,-0.170062990803402,-0.252629652604348,-0.603991620276564,0.282008107522651,-0.322078009434196,-0.26872972615092,0.196571471531214,-0.0716856805657294,-0.0722330391966165,1.98,0
96291.0,-3.55217282034342,5.42646054559111,-3.73181031980956,6.67906180701896,-2.18754337884152,2.43394023761172,-8.74811035885579,-12.1082840970182,-2.8563585144669,-5.66586179854092,2.54083553206878,-6.14705358343033,1.79689064160126,-4.32898899462283,-0.150037374792615,-1.83900466547168,-3.35463814070962,-0.282307261175205,0.148592393859995,3.79266672675409,-5.68899027177143,2.51097955615894,0.953932861684676,-0.542506228224687,-0.620152015985956,0.406012866709306,0.0230251633862463,0.164740605977244,33.59,1
75751.0,1.25259643119527,0.0213585325635135,0.0440633398085268,0.32590898972573,0.0111735493898499,-0.0535976031340767,-0.0970353990367882,0.013236624240304,0.263267550271559,-0.0973556031547198,-0.926502159692554,-0.250693998071336,-0.27836401382844,0.323196157953898,1.37893335040632,0.228185140206115,-0.377366270785581,-0.463368870983737,-0.211973788219078,-0.10682145471663,-0.0961534965701031,-0.266459065506174,-0.0712366121431979,-0.749997892448192,0.389529451647333,0.494046956971478,-0.0297929829644649,0.0024334626577495,17.8,0
43454.0,1.42970475019145,-0.33711979862034,-0.222681498319975,-0.711616500400813,-0.486452589916003,-0.948649881996827,-0.163183220926628,-0.233973887488165,-1.06401501998507,0.66585958018112,-0.110206253438271,-0.851512746779317,-0.503274408222911,0.259658718445431,0.739284729236552,0.460865362597809,0.719879984978534,-1.9788943255344,0.285105333041011,-0.0308126700916649,0.203350642732025,0.555823435075384,-0.116041181476499,0.112389244156513,0.704694165691064,-0.0523150783550885,-0.013947246221557,-0.0048795705779352,1.0,0
150822.0,0.0415401703217002,0.289268484639305,-0.089815901011577,-2.29517894431704,0.31887516090232,-1.17977359252459,0.69103664890864,-0.297213946589197,-1.23026464001497,0.226418932097764,-0.441831097183154,-0.260608841915461,1.05770955734177,-0.302658512993004,-0.629514565518519,0.875379336168887,-0.119603864977292,-1.50190013680369,-0.56746964632691,0.146850513683135,0.589945314731903,1.78871932378267,-0.0509147414988496,1.16364658114891,-0.710798669753233,-0.265384114410355,0.461088811854021,0.317120041388635,15.0,0
149657.0,-0.0303537596625429,0.579317212190132,-0.487754733626956,-0.0582111238085736,1.83236842067893,-0.918316076919312,1.75023577722961,-0.805675707575271,0.24804293597656,0.19329988593202,-1.72660258744329,-0.558108918160755,-0.774678722002365,-0.0422900116161671,-1.20568563236054,-0.477404149488829,-0.927305489100137,-0.398910737073663,-0.78072812102046,-0.292613653920194,0.0486380424025017,0.54944085222377,-0.282091198782005,-0.659775009119163,-0.270646376530721,-0.793686976259483,-0.485562004680755,-0.268966351231933,15.27,0
41313.0,-13.8972058704019,6.34428045616839,-14.2816664432471,5.58100899740718,-12.8871331616131,-3.1461763671985,-15.450467216827,9.06028147442157,-5.48612077680694,-14.6764702497464,5.1483517210937,-10.7495919949504,1.58548896754337,-9.79801207658904,0.733276999106463,-12.675268899047,-20.7406637223494,-8.15366802624724,5.2283417900513,-1.02522792390103,3.05808183846397,0.941180290424241,-0.232710298333368,0.763508019302571,0.0754562386388435,-0.453839571774416,-1.50896825698328,-0.686835738780169,9.99,1
145880.0,1.55529081483539,0.673430500548832,-1.88036777283908,4.39411787511225,0.815186680231421,-0.741956453558289,0.745521150369925,-0.24875366915699,-1.11256727656888,0.118279619763501,-0.283030617255629,-0.437996620224366,0.191959712857516,-2.77463708698588,-0.846892685005112,1.60362671231302,1.62962380878976,0.422436575766784,-1.77157756282386,0.167997858317614,-0.308340403813614,-1.19892064092112,0.118647024010458,-0.259209543869812,-0.24878243239823,-0.320190311921058,-0.0317016620760927,0.0520612973840947,183.57,0
149640.0,0.754315925858731,2.37982185248504,-5.13727449343089,3.81839172249665,0.0432026520139663,-1.28545137361934,-1.76668362059541,0.756710661816359,-1.76572209782095,-3.26300672553831,3.59279683214404,-2.77234880583364,-0.0745336542111445,-6.28109364908023,0.165978009089423,-2.67917124597012,-1.38555652893852,0.249056748544312,2.3534526931986,0.369662961829814,0.397057600980957,0.141165218358707,0.171984534755456,0.394273775761011,-0.4446418368392,-0.2631890643687,0.304702950350999,-0.0443622747894533,2.0,1
150949.0,-2.42353450165791,1.65909255408015,-3.07142054904521,2.58803264715889,1.13579116985916,-1.89238797008871,-2.58841817664644,-2.22659241059214,-1.67017275749754,-3.50892466189359,1.43932206570096,-1.95992749618623,0.767484552459954,-4.97811801438515,1.05856598037874,-0.99747745136418,-0.817261404200648,0.307797600356998,0.0284845308917937,0.35389820280921,-0.934126824870286,0.922037918088262,-0.180255030944776,-0.281719118183751,0.299285024105003,-0.263801330349534,0.150155943031014,0.292112166465648,9.29,1
77668.0,-3.61923465201151,3.30503518990829,-0.544139085742661,-0.743617260966376,-0.759189665089396,-0.736815333932641,0.127511150992811,0.690345872540027,1.79118003190601,3.36719710305733,1.16042434499292,0.149698087290469,-0.959857059184345,-0.664764779786505,0.51477609015268,0.568528388428853,-0.28185359893871,0.428018107345021,-0.0258996643004978,1.47039834094377,-0.647948291146778,-0.961192256353591,0.121483818166706,-0.130815954173368,0.438855518328175,0.0826831383536522,0.907698221937255,0.308887180748915,10.77,0
66771.0,-0.680327572871544,-0.194445669739523,1.79105093335956,-0.631268373008816,-0.315732164548935,0.543917170104221,0.142544001516468,0.419044181475184,0.933573886978276,-1.02361232086674,-0.617122189492973,0.343613307679251,-1.63028109456486,-0.553241049084636,-3.05269642426688,-0.146915492961514,-0.0425510319485232,-0.209317544968241,0.922323822640865,-0.0301319818157357,-0.335941909797762,-0.849297577535855,0.123300695979064,-0.345230705682645,-0.505710506246214,0.616267025308288,0.0493186837205117,0.128075817144405,73.41,0
55311.0,-6.15960693036327,1.46871292315117,-6.85088814665684,5.17470627250374,-2.98670392387712,-1.795054145699,-6.54507152628193,2.62123613805269,-3.60587012643541,-8.12216107491307,6.02903256317613,-9.22585530778592,-1.54675863096913,-10.3093341893072,0.308062393533042,-7.78732622111619,-12.8221770045808,-4.36767713342358,2.64398422133793,-0.289829585956863,1.06131418230601,0.125737468595024,0.589592331660844,-0.568730604518481,0.582824720935876,-0.0425826450995479,0.951130233081124,0.158996023697089,0.83,1
51328.0,1.08293013743909,-0.233486878416616,1.05252004187268,1.65042999896978,-0.578089479083477,0.800775908414641,-0.553157800870878,0.327210175858406,1.33449822098677,-0.409857181550151,-1.49610542614072,0.653916366586809,-0.596952340550643,-0.68295500003303,-1.63264606578938,-1.02170557071002,0.666573610362466,-1.18569985966327,0.309099291821065,-0.199558345857126,-0.436874619911976,-0.824044565127576,0.0348939765816813,-0.288961638658132,0.456321124769193,-0.487296610973065,0.0861148732610695,0.0262340031804075,21.96,0
161478.0,-1.25431782966282,1.0275236101377,0.401824426374009,-1.07804874048178,0.520855900162661,0.0302415871778412,0.221817345065592,0.271316994034665,0.780492625360674,-1.13960644034417,-1.43894734630413,-0.974831875192789,-1.1082467596675,-1.24470875240367,0.722077152299768,0.818774830777821,0.255870251191506,0.724169533435966,0.0030973427901509,-0.321384598475759,-0.244968085372373,-0.753031396292004,0.0032234889473997,-0.138583566620176,-0.288677512391358,-0.328112585239525,-0.657285510616247,-0.15725243095195,7.68,0
94141.0,-13.5120737201635,8.21517673687939,-16.5826057272747,6.20736889019759,-11.3184715177058,-2.99720698778128,-17.6404704062016,0.0403490750758574,-5.62023218946632,-15.1237521803455,5.93465734341534,-14.1750301634055,-0.169044491655796,-6.55255368427192,-1.57000723316824,-12.1725530183154,-20.1645422294456,-8.66881519685045,2.55087034384644,0.694574465326517,-0.907905601256761,1.5140282763652,-0.141879203311202,0.789185965955202,-0.0313427677694401,-0.255056581600699,-1.86583088908172,-0.442204311521227,45.48,1
92102.0,-1.66293711018596,3.25389242362715,-7.0404847120185,2.26645647990886,-4.17764891282786,-0.746924828187599,-0.248336733243902,1.09115651568673,-0.307137450847617,-5.56794705115052,2.71273940377591,-5.94840312668093,2.14472605490538,-4.21175592358692,-0.137195538810617,-2.63940913979839,-2.53235540606601,-0.667067027160165,0.626059293435215,-0.842178336511866,0.450381285220709,0.521161529635377,0.308325446158517,-0.318011840652356,-1.25536156975299,-0.691963403718384,0.264878381232973,-0.130444804408444,600.73,1
26899.0,-21.8854339051741,12.9305051249875,-24.098871851647,6.20331419234722,-16.4660991227874,-4.45984212550286,-16.519835984614,14.5355647151916,-3.89702188761405,-8.6507583293562,5.3754339072439,-7.56721354069937,0.461807829323489,-7.82789139878016,-0.0228148529460228,-6.57804150255676,-13.0024594617382,-4.88446723880536,1.10435473489394,1.6119982189969,1.76223176917351,-1.57905510076487,-0.951042744820554,0.13456529188962,1.50711039768212,-0.222670856855594,1.52765527810284,0.453698638993223,99.99,1
79012.0,-0.966188949599148,0.321344032786114,1.45067160895629,-1.25476890417201,0.147150809172565,-0.719300742129249,0.759980738218246,-0.137557185658237,-1.80610873923218,0.0475537017788562,-0.466209989165037,-0.414277535445183,-0.103575458192891,0.232302710053098,0.354402486174943,-1.61803689817101,0.0856065972016354,0.146868977962396,-1.46229409511846,-0.532777703538584,-0.652411157628288,-1.58802301779354,0.0505328907435883,0.0124764073365347,0.113435968141582,0.0802401585377186,-0.142417214557034,0.0827989882487533,39.95,0
58822.0,-4.38422089880268,3.26466481012305,-3.07715801666012,3.40359359659281,-1.93807528041028,-1.2210812776781,-3.3103166090276,-1.11197501012863,-1.97759328056305,-3.28820356526528,2.88609147657536,-6.84897793447677,-1.02923459062256,-7.46010298330266,0.0559060176229105,-4.33478342671028,-9.87456039324105,-3.54190332932228,-0.531558760456647,-0.141533268810834,2.07638272101207,-0.990302787008607,-0.330358452316133,0.158377625833497,0.0063514462492984,-0.493860013315231,-1.53765237842389,-0.994022490842227,45.64,1
33706.0,-1.00075087118644,1.43932464001476,2.14398212121896,2.273686978887,0.423979942529485,-0.221098257910012,0.749844748379203,-0.0904803427365072,-1.64305293155304,0.496761822045588,0.231013715495529,0.200571529488704,0.735428217290733,0.0986569051293093,0.815225395475216,-0.295810229909632,0.121482154970502,-0.780151721277043,-0.659581353535683,-0.0547641832571499,0.154059301671011,0.410853886277574,-0.30502062049917,0.635226740238516,0.243171761424816,0.140441284943714,-0.171483834200447,0.067253960270234,10.0,0
93853.0,-5.83919161928092,7.1515323543223,-12.8167600806187,7.03111476501099,-9.6512721679897,-2.93842725771624,-11.5432071690832,4.84362653179436,-3.49427572506535,-13.3207888671784,8.46024444901677,-17.003289445516,0.101556614891384,-14.094451660329,0.747030766392512,-12.6616957230679,-18.9124938172188,-6.62697484523061,4.00892074227194,0.0556838813863639,2.46205591127559,1.05486518382957,0.530480596078193,0.472669814042592,-0.275997967880675,0.282435024801752,0.104886020210564,0.254417096767513,316.06,1
140865.0,1.93461289547827,-0.0355924234152629,-1.60088704061756,0.503481768933019,0.0252483522499701,-1.21037434453198,0.189952415418974,-0.295868673222787,0.966293154939588,-0.873213187305472,-0.372780641694947,0.525043179318598,0.217752206397026,-1.50258770193261,-0.119465743282954,-0.0936553859011958,1.11883796944162,-0.114923158627505,0.0364079364128402,-0.0881254042362583,-0.21196304934973,-0.408959799222066,0.153622756544217,-0.116659997336122,-0.0819096199876814,-0.0910405639364878,-0.0086774543032183,-0.0139929044836731,49.96,0
135865.0,0.794015503673779,-3.23137837114765,-1.00391093547132,-0.357485622579002,-2.07649249277373,-0.420235203393727,-0.302217110542491,-0.0906193833241715,-0.0759610397319879,0.63830468738911,0.906441985422658,-0.455896863505069,-1.11744111324221,0.224588176619231,0.0925808301904709,1.75425451236708,-0.121328264969341,-0.559876424182893,0.516396449726951,1.27496308148406,0.498211117763963,-0.228289241700619,-0.217307848304087,0.050628120590482,-0.847522550176997,-0.530265187289207,-0.126462192174833,0.0677529814844182,690.85,0
56650.0,-8.7620833940977,2.79103028235041,-7.68276685719257,6.99121396498416,-5.23069545140333,-0.357387950702527,-9.68562145610769,1.74933494530821,-4.49567886484426,-7.86450647898838,4.77414774007074,-8.24589788162945,-1.33349186005079,-7.97425052332349,-0.39879894749855,-7.24434047432354,-12.7600939511044,-4.82474022298701,2.83699299496563,-0.460389538640294,-0.0905267878788197,0.34858962816605,0.0511323900482543,-0.41542987238242,0.219665266254896,0.330020364891881,-0.0282517554687547,-0.156270272972183,7.52,1
91075.0,-1.85506070184998,1.55496360697718,-1.40580882850107,0.669327345741316,-0.280229520106465,1.17865246733203,-3.45997906611492,-2.81515495312599,1.24222876512242,-4.15635447965382,2.20944075185923,-5.12231410931103,0.66129710617156,-3.10393771952109,-2.41086973192388,-2.42501563217886,-3.96062268909989,-0.125017788038036,0.60039728842723,0.536916458029193,-0.0953083066630984,0.94662891847112,-0.297402959067305,-0.368343891207103,0.198731156287359,-0.0785905919566464,0.366709355889324,0.0737667168278096,38.76,1
132086.0,-0.361427838541789,1.13347191665669,-2.97136044013455,-0.283072525739314,0.371451592836109,-0.574679962140979,4.03151344147581,-0.934397840999575,-0.768254682100259,-2.24811517395215,-0.482409384022894,-0.690550364277623,0.181274905167329,-2.37255179777895,-0.0068680461366328,0.146399068662885,1.75931419392615,1.08303951438991,-0.391047742407487,-0.0258616224927044,0.110814637422018,0.563860612681898,-0.408436059432732,-0.880078912517905,1.40839232295512,-0.137402363335706,-0.001249817072624,-0.18275089691206,480.72,1
59027.0,-0.289937004845962,1.11329390373747,0.309504024815417,0.831678674900862,0.0380728760281085,-0.297859809049534,0.523399350298212,0.275685873701693,-0.716255900360004,-0.416591318936122,-1.32682445318433,-0.0067883666757986,0.634807564615063,0.502989337468354,1.00099577760785,0.0867587066864716,-0.370130808464566,0.362944074286542,0.644445295961532,0.0110202407632431,0.149760238383409,0.29593741821218,-0.0585955140888641,-0.452794814718106,0.009031085160221,-0.278025836019,-0.0579359874443896,-0.0227286188492269,54.5,0
150049.0,-0.460622506920343,-1.02459381405436,1.05964058638148,-1.82822053200415,-0.677009857420612,-0.205787068274219,-0.122051658813828,0.15893004212274,-0.828995529036553,0.0743726133843739,0.369193134848806,-0.730931149944006,-0.543379016939665,-0.257306536329235,-0.390581051193518,1.76739233144194,-0.44816922795237,-0.0724046427692892,0.453879421262762,0.442933858838116,0.566587213547083,1.14267040751332,0.136682176858339,-0.343957433770424,0.12671023559011,-0.0612890174000065,-0.0623688046124079,-0.0168509752973894,160.0,0
55394.0,1.157389147997,0.152463958243417,0.152466783163067,1.21572064531362,-0.0702224805220413,-0.110385383950048,0.0202934612793309,0.142637570161013,0.0407456200506483,0.169977482656063,0.996415141795592,0.208963840578792,-1.88332241336602,0.802058951222747,-0.278921026584892,-0.395362919766333,0.009279701058891,-0.190370627514935,-0.185976651269604,-0.298920685102099,0.0237152119558384,0.154558244830084,-0.108562372991003,-0.0114293840332096,0.68153894687186,-0.242435917707616,0.0116083535959672,-0.0038399637697573,1.0,0
80983.0,-2.25160173691622,2.13490828860926,-0.63938625752334,-0.0357488486468161,-2.24284126863828,2.12289992895715,-3.56783035203926,-11.5096029212477,-1.06813729100271,-2.63998053728778,-0.288446287533379,1.03549008463277,-1.48762739191771,2.05001550130332,0.568355754073892,1.00371762379288,0.324219174625877,-0.814713487886978,-2.13630963935258,1.7174656839316,-4.45525445629902,1.02554940835514,-0.505812919906043,0.437096725839412,0.0932348875728046,0.253345621914674,0.343217583633739,0.218558863428411,399.99,0
127541.0,1.50883522241367,-0.858361877548171,-2.23470959543895,0.0209289630904371,1.09787524931754,1.12260617847731,0.387629400427012,0.180727135853517,0.311232715661167,-0.202141094373166,1.30222298454538,1.32963836761875,0.152809623569965,0.835349629207442,0.577978429601147,-1.18829936716594,0.139375258764304,-1.06463858091987,-0.718363494960324,0.153545175810925,0.349394019148675,0.750291511091124,-0.119909846820034,-0.69938241717519,0.113408376144889,-0.472846112421563,-0.0042624796186418,-0.0384614898930612,225.92,0
121813.0,-0.952640413673213,0.479247590918596,1.16455000152075,-0.581754663606111,-0.621329208414538,-0.314514643429267,-0.263327891129362,0.727978001895476,0.284122707102569,-0.623718181887732,0.165458681765205,0.0368767552762175,-1.50287162454759,0.442791130575464,-0.642275250358459,0.617614323279294,-0.520329794009321,0.91066389678043,-0.15332179446662,-0.0719275610336361,0.36735958988759,0.99929157381359,-0.117880530029402,0.101123000134735,-0.402231104215344,0.579933589791153,0.236139373292561,0.125304810957414,29.99,0
40742.0,-2.37753280180283,0.520539361927579,-8.09413945532841,8.00535147326105,2.64075021376276,-3.38158645291742,-1.93437244067366,0.562322111872781,-3.10402718606356,-3.05121035544102,5.73576265915634,-4.74769250131792,-0.784223284478966,-10.7163393018774,0.656516978131348,-1.14246727231018,0.91859080878698,1.12633522330277,0.0929734778841175,-0.634747080915274,0.148284201590387,0.7210995412337,2.66129069804724,-0.508619933518595,-0.401656629278738,0.587611216267645,0.500326371108344,0.551759687906722,1.0,1
463.0,-0.634596978234792,0.866354364512866,1.12383602672403,-0.304041137927492,1.17391035313758,0.257117549338604,0.754324791432483,0.171735203949123,-0.825980999659668,-0.531057504743642,0.549388754243097,0.598608608431725,0.313813741378367,0.354547923179433,-0.156778172062677,0.328550852471888,-0.983932653748373,0.235905879600094,-0.630727657686842,-0.105239309891609,0.160462972804027,0.422873291420765,-0.353720811280593,-0.847192434535747,0.206896351475649,-0.436112266135975,0.110134095480135,0.102260715941038,1.0,0
125200.0,-0.769171691743673,1.3422122564916,-2.1714541366788,-0.151513299728476,-0.648374467317641,-0.973504253142134,-1.70665765414268,0.313744516691369,-1.98230184657376,-3.15812700566592,1.3415717221686,-3.29947236985172,1.24764737362737,-6.39337284276668,-0.0532048016171774,-3.25804634128955,-3.34889609796046,0.217330714330335,-0.917407954929339,-0.102294252090737,-0.0361222946216654,-0.753591202726119,-0.0471133973013113,0.358492767536875,-0.287406815695466,0.476505957022081,0.250530561357973,0.250987222920341,40.0,1
70474.0,-0.804509915314672,1.18157132591687,0.857485449541768,0.949801926535608,-0.0961266783908576,-0.968759603883759,0.308435008699156,0.341915756078785,-0.632207311671124,-0.223055526045827,-0.732486866163003,-0.164588325664333,-0.326704164925975,0.722332628573449,1.03463913860535,-0.193089727863261,0.0070448337871618,0.196832705556586,0.394107542378889,0.0605466674593209,0.165727973239249,0.424083793670103,-0.107401612660999,0.389912310044221,-0.187728438432733,-0.315919418861231,0.294171586863861,0.126616654039215,5.99,0
30121.0,1.09481788189139,0.0541517113339206,0.072612299519704,0.456497786248899,-0.15055173918954,-0.584051912065814,0.261704102216323,-0.0254554989021462,-0.367734912418018,0.0679895345640541,1.78082396907019,0.767596295251008,-0.778348578129031,0.863408125161802,0.376452659353255,-0.0914620167882453,-0.107490713729886,-0.809935603327372,-0.0472017121623684,-0.0817260283486066,-0.271372344338277,-0.955491819865452,0.157200938246553,0.195435087691397,0.116108383125319,0.135639542783242,-0.0639294520050909,0.0043573562342368,51.9,0
53451.0,0.385108461103674,1.2176203228402,-1.95387216540948,2.08707599095328,-1.14422540643716,-0.57688799482478,-2.58286504391682,0.643229999334504,-1.19123269237613,-3.09509360697848,2.82114488798301,-3.1005456578695,0.146199374342408,-4.51012391529804,0.574490022660784,-2.12346278453199,-6.05331938825344,-0.70637615273475,0.572791028207014,0.380545212283106,0.594623132460925,0.372143665842342,-0.310455791389476,-0.624065148802846,0.840216130296559,-0.159451766672991,0.599482364663208,0.288915549852885,8.0,1
145974.0,1.95084633358959,0.0999311899983482,-1.15273457758399,1.25712025081565,0.371681035518298,0.131616670166747,-0.299653758894792,0.0681632648756678,0.801596782307508,-0.369090424152636,-1.08592641767711,0.0603278700998398,0.382637267582331,-1.30322310640595,0.658179545588382,0.899324525698509,0.0676387167687197,0.47118153437404,-0.406454893875893,-0.113266177326848,-0.313029039604578,-0.839708150953045,0.301186141960963,-0.154547285640439,-0.286444194457569,-0.970849419273531,0.0627942605866572,0.0059448121566149,29.4,0
93897.0,-10.3008197578448,6.48309458751086,-15.0763627200288,6.55419115286706,-8.88025172157215,-4.47167242014489,-14.900688599735,3.84017023811699,-4.35844142237671,-14.5331616869738,7.58874088021049,-15.8357188077344,0.135035383391472,-11.5670059165135,-0.077026912374336,-11.4674297370042,-19.1729963590355,-6.96985638421183,2.21175583268581,0.113244363257218,1.50874842459643,1.04164209875775,-0.682789602968657,0.573543946252624,-1.6023889741646,-0.393520821299559,-0.468892515546761,0.105920160381125,1.0,1
160034.0,-2.3493399641893,1.51260401518904,-2.64749719609623,1.75379247237301,0.406327950335496,-2.18849400496996,-0.686934747748875,-0.547984409288573,-0.0995281132954432,-1.67234597814111,2.17297610055437,-3.10347667138871,0.217560544573622,-6.03440257566619,0.164400705894815,-2.38382603356602,-4.16647877527802,-1.77239694698232,-0.526280794204029,-0.0934214753719124,-0.0885194213942628,-0.595178282040403,0.258148130014773,0.0619011334336728,-0.35418019381022,-1.15267106612603,-0.736072755373029,0.733702732493917,4.9,1
37531.0,1.2759563010116,0.358598572983995,0.201257093592906,0.90601914289663,0.0619866743093151,-0.39893899482767,0.143624268507898,-0.156677626466694,0.007615024183855,-0.0403331967864083,-0.961093888370596,0.326938548930808,0.813954796447823,0.166191204240742,1.03289268446344,0.446272618353108,-0.821738110776952,-0.138496473532539,0.0209891162238212,-0.0606723389823165,-0.274309238655631,-0.776280249128561,-0.0141213383440624,-0.488100023379738,0.499168900636523,-0.581115081247181,0.0263320280096058,0.0236521843474817,9.99,0
127240.0,1.49187157477488,-1.19788873645663,-0.821155116966258,0.431807208698474,-0.123538292745343,1.32546400889927,-0.667543634067908,0.456557502383274,1.14187211175579,-0.11300218920812,-0.402771243227745,-0.0734575895808206,-0.797367025253898,0.247921399802994,1.85200719609348,-0.299245598576604,0.218716130207366,-1.09217463424532,-1.63273143708135,0.0741649597549029,0.374185532990669,0.800819764550495,0.132227192242459,-0.328095972321415,-0.594475371044363,0.405928750479401,-0.008727501764927,-0.0165065596059359,206.0,0
39179.0,0.763357611201908,-0.641826024694204,-0.519283647049758,-0.0921682069224931,0.438090329245514,0.982805166052406,0.174044787200609,0.345142711144463,-0.334668260292904,-0.16172181896668,2.29572374063397,0.843500192512671,-0.837395440306033,0.978502999259704,1.24835056471398,-1.1057859778753,0.840914090834062,-2.01696679403224,-1.19130467301661,0.0973736076081093,0.218025793412573,0.345926879303986,-0.112397436532129,-0.94733005529274,0.118680935286358,1.16621368108816,-0.0828851513920693,-0.0059562643545322,177.57,0
77171.0,1.11855963468941,1.29185826269199,-1.29880532614411,2.13577170090141,0.77220369761071,-1.14729144173341,0.390577698285265,-0.107072317539989,-0.0383392686455211,-2.15251889070952,1.35275258963919,0.092848590126307,0.273152694590986,-5.01220235869184,0.303552415334761,0.731437272149243,4.15208557256771,0.985358288437165,-1.22925431837217,-0.0235757902669068,-0.346373779572415,-0.663587986293548,-0.102325808556082,0.0179105750224893,0.650301613577378,-0.332365629546077,0.105948676665863,0.12812372864866,1.0,1
41194.0,-7.89688615307576,5.38101952251685,-8.45116161458266,7.96392808742307,-7.86241943013129,-2.37681997521459,-11.9497234569249,5.05135567269165,-6.91207600938549,-11.589748311433,6.64520072606617,-13.542095596465,0.888247918839909,-12.623316046432,1.00275519562895,-12.4322791426353,-23.2415971479491,-8.49529893803197,3.45394255518458,0.645974321869431,2.55794395644985,0.926277883497588,0.0327949396062788,0.638072585685807,0.361887213739485,0.444576520477986,1.10192314818996,0.205958012508108,1.52,1
19808.0,-0.279593929648736,0.972028773038056,-0.159521850432044,-0.912120336577666,2.61810421219527,3.31643963966046,0.0244490944843435,0.854213316709667,0.781067047631188,-0.816153295799391,0.937201029560782,-2.83938454767564,1.56050681820317,1.17619677378108,0.360281900067768,0.686264130611598,0.249801050543603,0.597407763991254,0.0794120100049592,0.18124225012252,-0.470178059292385,-1.1922201481171,-0.0407847270984887,0.874640795430835,-0.0301342054250318,0.0494829508549268,0.220850940621848,0.0845724902074138,1.78,0
162796.0,2.01090712323558,0.167876487690036,-1.59073654116358,0.327567260259613,0.497676265604438,-0.552185517757199,0.132901831861503,-0.125996374000325,0.0848440105291599,-0.244485384737836,1.49372686100443,1.39071320688565,0.840601412965061,-0.80972913610962,-0.559194424654836,0.360211207817031,0.292778341028496,-0.0693484701186568,0.197144662863684,-0.0990724592522631,-0.28487479786885,-0.702431950318151,0.345195439636517,0.634812543753913,-0.296854354572433,0.145228977906885,-0.0572909413088271,-0.0374174152113288,1.98,0
116819.0,-0.835092878089116,-1.03114277660111,1.2340614882008,-3.18383956250003,-0.405973865927292,0.338309238492856,-0.0686676344107808,0.17447148232441,-2.21140851378129,0.486065689373749,-0.598451090381785,-1.31990008920823,-0.407966544453581,-0.369314316846002,-1.13537049775709,0.235712577328281,-0.31695354122476,1.01411503481523,-0.154939421405516,-0.0559713799830246,-0.0822745119367857,-0.196077493595371,-0.186895876243643,-1.21804349042913,0.725132878082095,-0.0842652214857767,-0.0214164951301828,0.0397069306211583,128.0,0
75497.0,-2.73723190347672,-2.60555728673401,0.188552512574169,4.15594852808754,-4.76492431769599,2.89675962025516,4.30998976591698,0.282114135298378,-1.27202063053961,-0.979383974251472,-0.539157832374371,0.270947748650469,0.735703271750609,-0.0714280733548663,-0.0921033486623347,-0.457834820314132,0.878807769517778,-0.159731974980262,0.206249258376205,2.9696149658148,0.89216310888876,0.339047697351952,3.50718167619654,0.455154082568899,-0.619431515494844,-0.0532804775858354,-0.311244828937388,0.266693193141944,1392.58,0
132851.0,1.43351503569898,-1.19577652518813,-1.95213099643449,0.0508632418108738,0.526312809088298,0.83924665108909,0.170089323049303,0.162074960340203,0.234211034964183,0.0979655463223406,0.998998008185085,0.617397876220783,-0.421347733362937,0.829125099487606,0.82674342389405,-0.395995368414417,-0.0876298863723488,-0.813917897848017,-0.853727496287869,0.252178278409528,0.459563830301584,0.879443186603757,-0.192084837495301,-1.55531768585968,-0.220659268184793,0.87175956618012,-0.0995827642793212,-0.0513645607060622,276.69,0
165371.0,2.05603157030751,-1.62433947053871,-1.53797609874146,-1.66737210184646,-0.922088497581964,-0.688723306792797,-0.628867523432927,-0.348975576877692,-1.94058667641146,1.76106349410158,0.587221682332267,0.153637700151405,1.53100031251495,-0.154054750622165,-0.550876652929412,-0.280916228744413,-0.0896958366242583,0.638069856631333,0.0562745987578774,-0.0654175679945816,0.201240947632868,0.777787055135401,-0.136838698317449,-0.438983801407448,0.0956087303283308,0.0689130762180386,-0.0336993758487204,-0.0483411643543314,153.0,0
156298.0,2.08680323053612,-1.60743397098572,-0.697594684468508,-1.60028573203912,-0.950302240261495,0.661822425871049,-1.41431641889686,0.189258279638761,-1.13392101424748,1.38118407014217,-0.258941757673728,-0.188277409176281,1.00684131591747,-0.569226637373984,0.68585413112111,-1.39684555201252,1.29011567529358,-1.49547205204509,-1.37172813058299,-0.442596417430576,-0.0339748243954462,0.515705266726112,0.315511799890916,-1.03543849707685,-0.50170826437442,-0.0831973894778129,0.0785225646343188,-0.049753420212235,44.4,0
64609.0,1.16411017204247,-0.36085029123282,1.18800363569689,1.44645923419948,-0.775398413927324,0.927434835278079,-0.880973310714038,0.337420221891271,1.73483831375373,-0.43400085598366,-2.35012814525047,0.382705401211609,-0.28041892643899,-0.999501701553672,-1.56939035500946,-0.360583637421017,0.0339779619520712,-0.0662669686122111,0.719909895112287,-0.141124420842475,-0.24909928876636,-0.242064955108601,-0.17820156319098,-0.587716098572338,0.670091547581633,-0.275750654039611,0.0959083592706679,0.0269187237225085,15.2,0
86152.0,-1.84702992765789,0.891559503778156,1.63841670573356,0.331569408025067,-0.531056661463911,0.257183935318817,-0.475163728473281,1.09646074969672,-0.296590049920722,-1.16800453239517,0.100354028680098,1.77189172306633,1.00341596010212,-0.0482364959635293,-2.00592784847604,0.537553956448591,-0.434720499358857,0.29789027612659,-0.286666023305971,-0.320776316914834,0.0384694791256295,-0.032832412937367,-0.272232011658112,0.0405817242577759,0.200252583991039,-0.613994774170441,-0.186287715375981,-0.130521677398067,35.0,0
97466.0,-1.68818551428212,2.24563150890634,-2.49281859051397,-1.4909132779605,2.53690560977908,4.0055414087267,-1.45382226789597,-2.63418586359822,1.48321104650102,-0.739180206799177,0.917362529288739,-2.18584726448147,1.15921908089023,1.06397113229318,-0.690270428188277,0.318201155989694,1.56169779505886,-0.0097684975351285,-0.71757543407486,-0.796757429097933,3.3441932143036,-2.43119675502459,0.754379491684094,0.455283059717946,-0.277263827557505,0.163794556770185,0.379088780124452,0.0937921593936582,8.99,0
100015.0,-5.59640454900836,-8.73272627129426,-0.806850260878967,2.17756191467578,-3.16808021238322,2.78122485812009,2.50131531262254,-0.893235029582939,2.02165570160234,-2.65037635393497,0.50784869790118,-2.63351221152135,0.915292522412442,2.07726554947963,1.77921193158781,-0.0803348320063028,1.22968565655613,0.202888684051947,-2.43772045235986,5.28838191443371,2.51831142832734,-1.12576678301554,-2.74187294695618,-0.968652005344141,0.116251795831994,-0.177388665543268,-0.369793118888091,0.621429686737911,2793.6,0
51264.0,-1.500133769725,0.629110483333985,2.37923737070198,3.03715010467198,-0.286652304301402,1.76480377909382,-0.607887184246634,1.1668482087453,-1.06156219767354,0.324511135778824,0.969670243003983,1.00001918218637,0.179717130079625,0.0157318155436418,-0.334322129584241,-0.68671487461441,0.940166659152416,-0.43809013790352,0.748346047712915,0.416916579940459,0.0492252122185193,0.123684435112086,0.0665385441725339,-0.270898397200608,-0.0410406850508827,0.246986827169429,0.26275558409829,0.015235290183148,75.31,0
163212.0,-1.74772737487598,1.46599212552567,-2.58623906420299,-0.812789380787103,2.22362158774564,3.23914736743063,-0.811554949005826,1.99291541488208,-0.824013763896536,-1.02725532308269,-0.213122634553989,0.220594464815339,-0.115285008964418,0.227039879736105,0.723076917137823,0.0525319485872556,1.28196172262932,-0.113526227624538,0.863711587707843,-0.301855797562296,-0.0482001576602648,-0.77244503464227,0.0580990739945025,0.630682724023982,-0.782484759359841,0.26404784648185,-0.723962951142639,-0.0429994688662972,0.89,0
154493.0,-7.38154698606367,-7.44901515872674,-4.6962865237175,3.72843914957409,6.19830434711234,-6.40626663445964,-5.83145156036761,1.45717491941563,-0.6462025802667,-4.02912871953916,2.52894302060173,-3.308721722205,-1.99200968898389,-5.75721608217278,-0.877323474271716,-1.54755182348258,-1.90901678581052,0.500567470429737,0.136722438174659,2.93275812573212,1.17657484784395,-0.978692051214679,-0.278330343454922,-0.635873793806618,0.123539440325404,0.404729308452323,0.704914653621431,-1.22999168169143,35.0,1
129808.0,1.52207986461923,-0.51942947320952,-2.58168487999205,0.774741045624737,0.206721720660857,-1.43102011805619,0.757011225164691,-0.444418034237894,0.997921025301102,-1.4294901237515,-0.375466188651408,0.17909486429195,-0.148448551372914,-2.13515486441111,-0.0449156938101637,-0.0553327528802965,1.77869660251824,0.671832434178931,-0.00202115788658,0.361168932269551,0.0196494069605455,-0.211678284664816,-0.24745192402646,-0.279471886713974,0.239646122725123,-0.50839814288348,-0.015551488169813,0.0418807020330689,276.17,1
41237.0,-10.2817840384715,6.30238478416897,-13.271718028752,8.92511547634157,-9.97557831146449,-2.83251346361162,-12.7032526593299,6.70684583868978,-7.07842395823848,-12.8056831898117,6.78605830197451,-13.0642398936784,1.1795245105938,-13.694873039573,0.951479176238826,-10.9542857275047,-20.5835927904158,-7.51726213169106,2.87235363605874,-0.247647527731929,2.47941350799644,0.366932842343897,0.0428046480276363,0.478278891799746,0.157770817898023,0.329900959238367,0.163504340964582,-0.485552212695879,118.3,1
97408.0,1.9487380549189,-0.429218633045156,0.145729827725278,0.3623644379243,-0.718478790840926,0.0987043354752397,-1.02347895780801,0.0651650394924049,2.3116737129868,-0.245854349302093,1.56159212805728,-1.16125122414753,2.64339195963907,1.11984960430267,-0.733135129522912,0.904190300305382,-0.340413490434869,0.819162150069639,-0.0861619989567315,-0.13105095082552,-0.0771273864227514,0.174932052610855,0.255487366173463,-0.417434900718883,-0.574417353060065,0.444064648946276,-0.0390350172269977,-0.05533098843194,15.95,0
152058.0,-3.57636177773708,3.29943622098785,-7.46043319687438,7.78363417666419,-0.398548657536885,-1.96844144838725,-3.11047619254795,-0.328403695377149,-1.57436284547485,-2.49756054724841,4.60417047790948,-9.0019148555682,-1.27632400546329,-13.9694706254616,1.25694535316357,-4.49162922501012,-5.96998693103967,-1.27466622002178,1.14778361222539,-0.181455201194929,0.540730752300116,0.719526342466937,0.379248749413946,-0.616961860032022,-0.44281081400968,0.359840688732324,-2.65182487459349,0.422184391599186,1.0,1
68810.0,-2.47634812880873,0.0955971976055359,0.188880094268568,0.0499434677709644,1.31014733452666,-0.354512126347105,-0.0467437278221079,-1.70230665452146,0.249285038908383,0.193193093054911,-1.34576626661305,-0.298233098218496,0.637909684583345,-0.725916023434026,1.13045709919947,0.923719183756424,-0.488700389669068,0.261441919708883,0.609055944710198,-1.13253333450702,0.757064638839525,-1.26388933686382,1.19056650114788,-1.07337624195406,0.462706086629597,0.259441479654812,0.850235288417818,-0.166893309773923,3.59,0
154793.0,-0.377488649538307,0.215280416146756,-1.66759876852844,-0.455729732370378,-0.258423735842193,-0.4906907447509,1.41640217184313,0.265713463582846,0.135324619428128,-1.59657533422955,0.30089656346379,0.413995689295454,-0.738545797439796,-0.85369231059839,-1.51832376197576,0.466691636851674,0.655191580638581,1.00329389948698,0.138002176892124,0.234379062143941,0.227000626376708,0.258394598150601,0.939439266570764,-0.505174927955875,-1.83392771935414,-0.45882401279538,0.147961563794828,0.332432490232707,281.93,0
81946.0,1.2372986189237,-0.583605735352175,0.374241998954186,-0.466938186588124,-1.20483773224673,-1.44114608965185,-0.197540253946707,-0.38797273243078,-1.05712605587527,0.597690356630382,0.35385512905505,-0.0401943010671596,0.838305781470187,-0.170062112972046,0.542483042870272,0.808943206083012,0.444902054863808,-1.64004287010092,0.287724356812769,0.259156482274583,0.30363288845694,0.669896700812386,-0.126663263616135,0.977638043597953,0.556743306904899,-0.160268878742182,-0.0150789768932815,0.031196971118967,89.8,0
143354.0,1.11833065981936,2.07443887131076,-3.83751827706316,5.44805969239449,0.0718159680535395,-1.02050922759556,-1.8085744418815,0.521743506077524,-2.03263824879436,-2.73279196653765,3.2740753098509,-3.541687479312,-0.946820179878694,-7.55572894101666,-1.7670051458427,-0.642332574056763,-2.11442919291931,0.183327412773884,-1.17779250651196,0.163513485137887,0.289861124197445,-0.172718010367512,-0.0219095177813472,-0.376560088595995,0.192817419134693,0.114107224212598,0.500995608471866,0.259533270224708,1.0,1
64909.0,-0.74147991334935,-0.482638693215915,2.7310119326474,-0.878390386236308,-1.80084890259758,0.159354376655938,-0.363144874889852,0.261180013910446,-1.24869424442226,0.259045469895131,1.36621014495972,-0.599274738201869,-0.277147673082602,-0.344629616508142,0.900849755696072,1.51260211642217,0.0996216508885997,0.180945750099933,1.17748425597483,0.585105368833976,0.641025613848783,1.45053632677098,0.0207362849015897,0.564858897068323,0.130220916944251,0.0580468913377175,0.0562320439010302,0.0893003391245153,153.0,0
170991.0,0.029107492535079,0.871357153789871,0.293690512881844,-0.593296722250536,0.45751920539812,-1.02686998224896,1.03376481321023,-0.202146542596656,-0.0985920792695104,-0.432711173982421,-0.818557896856062,0.33650679977125,0.345192121762579,0.0510609283834918,-0.392764734487417,-0.166903887238595,-0.371837501110069,-0.87734339730795,-0.15903305747431,-0.0148835908827453,-0.248488412310845,-0.520316354606698,0.0813868694538507,-0.0113304122917706,-0.491293537958722,0.142160966023355,0.251218479165115,0.097867525717004,6.99,0
91524.0,1.95485173775774,1.63005630331209,-4.33719968092597,2.37836729179698,2.11334786136033,-1.58385066673113,0.65374545254113,-0.192892012453504,1.21760825458778,-2.8290982053899,3.50456779253823,-3.9181998797616,-1.01579192974001,-4.7045087050312,-0.968553075532043,1.85477191713001,6.02439676670687,3.53125033477791,-1.1962847755939,-0.230640095367639,-0.474437304644058,-0.974624666273666,-0.0481545042172499,-0.0235242678879109,0.362192024107476,-0.570709266940076,0.0256187202949634,0.0818803891570235,1.0,1
